"2023/02/18","2023/02/22","AMD","アドバンスト・マイクロ・デバイス(AMD)","売付","特定","169","77.8400","13,154.96","84.5725","-1,137.79"
"2023/02/18","2023/02/22","AMD","アドバンスト・マイクロ・デバイス(AMD)","売付","特定","1","77.8400","77.84","84.5725","-6.73"
"2023/02/18","2023/02/22","AMD","アドバンスト・マイクロ・デバイス(AMD)","売付","特定","1","77.8400","77.84","84.5725","-6.73"
"2023/02/18","2023/02/22","AMD","アドバンスト・マイクロ・デバイス(AMD)","売付","特定","19","77.8400","1,478.96","84.5725","-127.91"
"2023/02/18","2023/02/22","AMD","アドバンスト・マイクロ・デバイス(AMD)","売付","特定","10","77.8400","778.40","84.5725","-67.32"
"2023/02/18","2023/02/22","AMD","アドバンスト・マイクロ・デバイス(AMD)","売付","特定","100","77.8400","7,784.00","84.5725","-673.25"
"2023/02/18","2023/02/22","AMD","アドバンスト・マイクロ・デバイス(AMD)","売付","特定","99","77.8400","7,706.16","84.5725","-666.51"
"2023/02/18","2023/02/22","AMD","アドバンスト・マイクロ・デバイス(AMD)","売付","特定","1","77.8400","77.84","84.5725","-6.73"
"2023/02/18","2023/02/22","EXAS","イグザクド・サイエンシズ","売付","特定","50","61.8031","3,090.15","69.8880","-404.24"
"2023/02/18","2023/02/22","EXAS","イグザクド・サイエンシズ","売付","特定","200","61.8000","12,360.00","69.8880","-1,617.60"
"2023/02/18","2023/02/22","MRNA","モデルナ","売付","特定","20","164.3900","3,287.80","194.3794","-599.78"
"2023/02/18","2023/02/22","MRNA","モデルナ","売付","特定","100","164.4000","16,440.00","194.3794","-2,997.94"
"2023/02/18","2023/02/22","LAC","リチウム・アメリカズ","売付","特定","100","23.6838","2,368.38","24.7220","-103.82"
"2023/02/18","2023/02/22","LAC","リチウム・アメリカズ","売付","特定","100","23.6807","2,368.07","24.7220","-104.13"
"2023/02/18","2023/02/22","LAC","リチウム・アメリカズ","売付","特定","200","23.6816","4,736.32","24.7220","-208.08"
"2023/02/18","2023/02/22","LAC","リチウム・アメリカズ","売付","特定","200","23.6820","4,736.40","24.7220","-208.00"
"2023/02/18","2023/02/22","LAC","リチウム・アメリカズ","売付","特定","100","23.6838","2,368.38","24.7220","-103.82"
"2023/02/18","2023/02/22","LAC","リチウム・アメリカズ","売付","特定","100","23.6800","2,368.00","24.7220","-104.20"
"2023/02/18","2023/02/22","LAC","リチウム・アメリカズ","売付","特定","100","23.6807","2,368.07","24.7220","-104.13"
"2023/02/18","2023/02/22","LAC","リチウム・アメリカズ","売付","特定","100","23.6800","2,368.00","24.7220","-104.20"
"2023/02/18","2023/02/22","CFLT","コンフルーエント","売付","特定","300","25.2611","7,578.33","28.5393","-983.46"
"2023/02/18","2023/02/22","CFLT","コンフルーエント","売付","特定","500","25.2600","12,630.00","28.5393","-1,639.66"
"2023/02/18","2023/02/22","CFLT","コンフルーエント","売付","特定","700","25.2600","17,682.00","28.5393","-2,295.53"
"2023/02/18","2023/02/22","MSFT","マイクロソフト","売付","特定","200","256.9700","51,394.00","271.3800","-2,882.00"
"2023/02/16","2023/02/20","DCFC","トリチウムDCFC","売付","特定","300","1.6650","499.50","1.6273","11.30"
"2023/02/16","2023/02/20","DCFC","トリチウムDCFC","売付","特定","246","1.6650","409.59","1.6273","9.27"
"2023/02/16","2023/02/20","DCFC","トリチウムDCFC","売付","特定","246","1.6650","409.59","1.6273","9.27"
"2023/02/16","2023/02/20","DCFC","トリチウムDCFC","売付","特定","200","1.6650","333.00","1.6273","7.53"
"2023/02/16","2023/02/20","DCFC","トリチウムDCFC","売付","特定","200","1.6650","333.00","1.6273","7.53"
"2023/02/16","2023/02/20","DCFC","トリチウムDCFC","売付","特定","200","1.6650","333.00","1.6273","7.53"
"2023/02/16","2023/02/20","DCFC","トリチウムDCFC","売付","特定","200","1.6650","333.00","1.6273","7.53"
"2023/02/16","2023/02/20","DCFC","トリチウムDCFC","売付","特定","200","1.6650","333.00","1.6273","7.53"
"2023/02/16","2023/02/20","DCFC","トリチウムDCFC","売付","特定","200","1.6650","333.00","1.6273","7.53"
"2023/02/16","2023/02/20","DCFC","トリチウムDCFC","売付","特定","200","1.6650","333.00","1.6273","7.53"
"2023/02/16","2023/02/20","DCFC","トリチウムDCFC","売付","特定","128","1.6650","213.12","1.6273","4.82"
"2023/02/16","2023/02/20","DCFC","トリチウムDCFC","売付","特定","100","1.6650","166.50","1.6273","3.77"
"2023/02/16","2023/02/20","DCFC","トリチウムDCFC","売付","特定","100","1.6650","166.50","1.6273","3.77"
"2023/02/16","2023/02/20","DCFC","トリチウムDCFC","売付","特定","100","1.6650","166.50","1.6273","3.77"
"2023/02/16","2023/02/20","DCFC","トリチウムDCFC","売付","特定","100","1.6650","166.50","1.6273","3.77"
"2023/02/16","2023/02/20","DCFC","トリチウムDCFC","売付","特定","100","1.6650","166.50","1.6273","3.77"
"2023/02/16","2023/02/20","DCFC","トリチウムDCFC","売付","特定","100","1.6650","166.50","1.6273","3.77"
"2023/02/16","2023/02/20","DCFC","トリチウムDCFC","売付","特定","54","1.6650","89.91","1.6273","2.03"
"2023/02/16","2023/02/20","DCFC","トリチウムDCFC","売付","特定","26","1.6650","43.29","1.6273","0.98"
"2023/02/15","2023/02/17","SHOP","ショッピファイ","売付","特定","200","50.2138","10,042.76","49.5866","125.43"
"2023/02/15","2023/02/17","SHOP","ショッピファイ","売付","特定","200","50.2100","10,042.00","49.5866","124.67"
"2023/02/15","2023/02/17","SHOP","ショッピファイ","売付","特定","100","50.2100","5,021.00","49.5866","62.33"
"2023/02/15","2023/02/17","SHOP","ショッピファイ","売付","特定","100","50.2100","5,021.00","49.5866","62.33"
"2023/02/14","2023/02/16","NVDA","エヌビディア","売付","特定","200","217.0000","43,400.00","212.7765","844.68"
"2023/02/14","2023/02/16","MSFT","マイクロソフト","売付","特定","200","271.9950","54,399.00","271.9196","15.07"
"2023/02/14","2023/02/16","MSFT","マイクロソフト","売付","特定","200","272.2500","54,450.00","271.9196","66.07"
"2023/02/13","2023/02/15","GM","ゼネラル・モーターズ","売付","特定","300","41.1800","12,354.00","40.8937","85.88"
"2023/02/13","2023/02/15","GM","ゼネラル・モーターズ","売付","特定","300","41.1500","12,345.00","40.8937","76.88"
"2023/02/13","2023/02/15","GM","ゼネラル・モーターズ","売付","特定","200","41.1800","8,236.00","40.8937","57.26"
"2023/02/13","2023/02/15","GM","ゼネラル・モーターズ","売付","特定","104","41.1400","4,278.56","40.8937","25.61"
"2023/02/13","2023/02/15","GM","ゼネラル・モーターズ","売付","特定","100","41.2000","4,120.00","40.8937","30.63"
"2023/02/13","2023/02/15","GM","ゼネラル・モーターズ","売付","特定","100","41.1800","4,118.00","40.8937","28.63"
"2023/02/13","2023/02/15","GM","ゼネラル・モーターズ","売付","特定","100","41.1700","4,117.00","40.8937","27.63"
"2023/02/13","2023/02/15","GM","ゼネラル・モーターズ","売付","特定","100","41.1700","4,117.00","40.8937","27.63"
"2023/02/13","2023/02/15","GM","ゼネラル・モーターズ","売付","特定","100","41.1600","4,116.00","40.8937","26.63"
"2023/02/13","2023/02/15","GM","ゼネラル・モーターズ","売付","特定","100","41.1500","4,115.00","40.8937","25.63"
"2023/02/13","2023/02/15","GM","ゼネラル・モーターズ","売付","特定","100","41.1400","4,114.00","40.8937","24.63"
"2023/02/13","2023/02/15","GM","ゼネラル・モーターズ","売付","特定","76","41.1400","3,126.64","40.8937","18.72"
"2023/02/13","2023/02/15","GM","ゼネラル・モーターズ","売付","特定","48","41.1600","1,975.68","40.8937","12.78"
"2023/02/13","2023/02/15","GM","ゼネラル・モーターズ","売付","特定","20","41.2200","824.40","40.8937","6.53"
"2023/02/13","2023/02/15","GM","ゼネラル・モーターズ","売付","特定","20","41.1400","822.80","40.8937","4.93"
"2023/02/13","2023/02/15","GM","ゼネラル・モーターズ","売付","特定","9","41.1500","370.35","40.8937","2.31"
"2023/02/13","2023/02/15","GM","ゼネラル・モーターズ","売付","特定","8","41.1500","329.20","40.8937","2.05"
"2023/02/13","2023/02/15","GM","ゼネラル・モーターズ","売付","特定","3","41.1500","123.45","40.8937","0.77"
"2023/02/13","2023/02/15","GM","ゼネラル・モーターズ","売付","特定","2","41.1600","82.32","40.8937","0.53"
"2023/02/13","2023/02/15","GM","ゼネラル・モーターズ","売付","特定","2","41.1500","82.30","40.8937","0.51"
"2023/02/13","2023/02/15","GM","ゼネラル・モーターズ","売付","特定","2","41.1400","82.28","40.8937","0.49"
"2023/02/13","2023/02/15","GM","ゼネラル・モーターズ","売付","特定","2","41.1400","82.28","40.8937","0.49"
"2023/02/13","2023/02/15","GM","ゼネラル・モーターズ","売付","特定","2","41.1400","82.28","40.8937","0.49"
"2023/02/13","2023/02/15","GM","ゼネラル・モーターズ","売付","特定","1","41.1500","41.15","40.8937","0.26"
"2023/02/13","2023/02/15","GM","ゼネラル・モーターズ","売付","特定","1","41.1500","41.15","40.8937","0.26"
"2023/02/13","2023/02/15","MELI","メルカドリブレ","売付","特定","15","1,125.2100","16,878.15","1,133.2300","-120.30"
"2023/02/13","2023/02/15","MELI","メルカドリブレ","売付","特定","5","1,125.2100","5,626.05","1,133.2300","-40.10"
"2023/02/13","2023/02/15","FCX","フリーポート・マクモラン","売付","特定","100","42.1200","4,212.00","42.4250","-30.50"
"2023/02/13","2023/02/15","FCX","フリーポート・マクモラン","売付","特定","100","42.1200","4,212.00","42.4250","-30.50"
"2023/02/13","2023/02/15","FCX","フリーポート・マクモラン","売付","特定","100","42.1200","4,212.00","42.4250","-30.50"
"2023/02/13","2023/02/15","FCX","フリーポート・マクモラン","売付","特定","100","42.1200","4,212.00","42.4250","-30.50"
"2023/02/13","2023/02/15","FCX","フリーポート・マクモラン","売付","特定","100","42.1200","4,212.00","42.4250","-30.50"
"2023/02/13","2023/02/15","FCX","フリーポート・マクモラン","売付","特定","97","42.1200","4,085.64","42.4250","-29.59"
"2023/02/13","2023/02/15","FCX","フリーポート・マクモラン","売付","特定","3","42.1200","126.36","42.4250","-0.92"
"2023/02/10","2023/02/14","CCJ","カメコ","売付","特定","900","29.2420","26,317.80","29.3366","-85.17"
"2023/02/10","2023/02/14","CCJ","カメコ","売付","特定","100","29.2400","2,924.00","29.3366","-9.66"
"2023/02/10","2023/02/14","NEE","ネクステラ・エナジー","売付","特定","166","73.9700","12,279.02","76.2633","-380.69"
"2023/02/10","2023/02/14","NEE","ネクステラ・エナジー","売付","特定","100","73.9700","7,397.00","76.2633","-229.33"
"2023/02/10","2023/02/14","NEE","ネクステラ・エナジー","売付","特定","27","73.9700","1,997.19","76.2633","-61.92"
"2023/02/10","2023/02/14","NEE","ネクステラ・エナジー","売付","特定","6","73.9700","443.82","76.2633","-13.76"
"2023/02/10","2023/02/14","NEE","ネクステラ・エナジー","売付","特定","1","73.9700","73.97","76.2633","-2.29"
"2023/02/10","2023/02/14","GOOG","アルファベット クラスC","売付","特定","190","94.9003","18,031.06","94.8800","3.86"
"2023/02/10","2023/02/14","GOOG","アルファベット クラスC","売付","特定","10","94.9000","949.00","94.8800","0.20"
"2023/02/10","2023/02/14","LAC","リチウム・アメリカズ","売付","特定","300","26.3720","7,911.60","26.3920","-6.00"
"2023/02/10","2023/02/14","LAC","リチウム・アメリカズ","売付","特定","200","26.3700","5,274.00","26.3920","-4.40"
"2023/02/10","2023/02/14","LAC","リチウム・アメリカズ","売付","特定","100","26.3701","2,637.01","26.3920","-2.19"
"2023/02/10","2023/02/14","LAC","リチウム・アメリカズ","売付","特定","100","26.3700","2,637.00","26.3920","-2.20"
"2023/02/10","2023/02/14","LAC","リチウム・アメリカズ","売付","特定","100","26.3700","2,637.00","26.3920","-2.20"
"2023/02/10","2023/02/14","LAC","リチウム・アメリカズ","売付","特定","100","26.3700","2,637.00","26.3920","-2.20"
"2023/02/10","2023/02/14","LAC","リチウム・アメリカズ","売付","特定","100","26.3700","2,637.00","26.3920","-2.20"
"2023/02/09","2023/02/13","ENPH","エンフェーズ・エナジー","売付","特定","100","219.7500","21,975.00","222.6400","-289.00"
"2023/02/09","2023/02/13","CELH","セルシウス・ホールディングス","売付","特定","100","99.3100","9,931.00","99.6200","-31.00"
"2023/02/09","2023/02/13","CELH","セルシウス・ホールディングス","売付","特定","100","99.3100","9,931.00","99.6200","-31.00"
"2023/02/09","2023/02/13","MSFT","マイクロソフト","売付","特定","100","271.5000","27,150.00","271.0600","44.00"
"2023/02/08","2023/02/10","AMAT","アプライド　マテリアルズ","売付","特定","200","117.3000","23,460.00","118.1100","-162.00"
"2023/02/08","2023/02/10","PFE","ファイザー","売付","特定","500","43.6100","21,805.00","43.8440","-117.00"
"2023/02/07","2023/02/09","AMD","アドバンスト・マイクロ・デバイス(AMD)","売付","特定","200","83.8200","16,764.00","82.2717","309.65"
"2023/02/07","2023/02/09","AMD","アドバンスト・マイクロ・デバイス(AMD)","売付","特定","100","83.8300","8,383.00","82.2717","155.82"
"2023/02/07","2023/02/09","AMD","アドバンスト・マイクロ・デバイス(AMD)","売付","特定","40","83.8200","3,352.80","82.2717","61.93"
"2023/02/07","2023/02/09","DDOG","データドッグ","売付","特定","100","78.7700","7,877.00","79.6600","-89.00"
"2023/02/07","2023/02/09","U","ユニティー・ソフトウェア","売付","特定","600","37.8100","22,686.00","53.6148","-9,482.89"
"2023/02/07","2023/02/09","U","ユニティー・ソフトウェア","売付","特定","200","37.8100","7,562.00","53.6148","-3,160.96"
"2023/02/07","2023/02/09","LAC","リチウム・アメリカズ","売付","特定","1,000","23.8800","23,880.00","23.8970","-17.00"
"2023/02/07","2023/02/09","S","センチネルワン","売付","特定","300","15.2700","4,581.00","15.0797","57.08"
"2023/02/07","2023/02/09","S","センチネルワン","売付","特定","100","15.2700","1,527.00","15.0797","19.03"
"2023/02/07","2023/02/09","S","センチネルワン","売付","特定","100","15.2700","1,527.00","15.0797","19.03"
"2023/02/07","2023/02/09","S","センチネルワン","売付","特定","100","15.2600","1,526.00","15.0797","18.03"
"2023/02/07","2023/02/09","S","センチネルワン","売付","特定","100","15.2600","1,526.00","15.0797","18.03"
"2023/02/07","2023/02/09","S","センチネルワン","売付","特定","100","15.2600","1,526.00","15.0797","18.03"
"2023/02/07","2023/02/09","S","センチネルワン","売付","特定","97","15.2700","1,481.19","15.0797","18.46"
"2023/02/07","2023/02/09","S","センチネルワン","売付","特定","87","15.2600","1,327.62","15.0797","15.68"
"2023/02/07","2023/02/09","S","センチネルワン","売付","特定","71","15.2600","1,083.46","15.0797","12.80"
"2023/02/07","2023/02/09","S","センチネルワン","売付","特定","65","15.2700","992.55","15.0797","12.37"
"2023/02/07","2023/02/09","S","センチネルワン","売付","特定","42","15.2700","641.34","15.0797","7.99"
"2023/02/07","2023/02/09","S","センチネルワン","売付","特定","20","15.2600","305.20","15.0797","3.61"
"2023/02/07","2023/02/09","S","センチネルワン","売付","特定","10","15.2600","152.60","15.0797","1.80"
"2023/02/07","2023/02/09","S","センチネルワン","売付","特定","3","15.2600","45.78","15.0797","0.54"
"2023/02/07","2023/02/09","S","センチネルワン","売付","特定","2","15.2700","30.54","15.0797","0.38"
"2023/02/07","2023/02/09","S","センチネルワン","売付","特定","1","15.2700","15.27","15.0797","0.19"
"2023/02/07","2023/02/09","S","センチネルワン","売付","特定","1","15.2700","15.27","15.0797","0.19"
"2023/02/07","2023/02/09","S","センチネルワン","売付","特定","1","15.2700","15.27","15.0797","0.19"
"2023/02/07","2023/02/09","MBLY","モービルアイ・グローバル","売付","特定","100","40.5100","4,051.00","39.6474","86.26"
"2023/02/07","2023/02/09","MBLY","モービルアイ・グローバル","売付","特定","100","40.5100","4,051.00","39.6474","86.26"
"2023/02/07","2023/02/09","MBLY","モービルアイ・グローバル","売付","特定","90","40.5100","3,645.90","39.6474","77.63"
"2023/02/07","2023/02/09","MBLY","モービルアイ・グローバル","売付","特定","20","40.5100","810.20","39.6474","17.25"
"2023/02/07","2023/02/09","MBLY","モービルアイ・グローバル","売付","特定","10","40.5100","405.10","39.6474","8.63"
"2023/02/06","2023/02/08","TSLA","テスラ","売付","特定","100","194.5018","19,450.18","194.0800","42.18"
"2023/02/06","2023/02/08","META","メタ・プラットフォームズ","売付","特定","100","193.8401","19,384.01","193.1813","65.88"
"2023/02/06","2023/02/08","LAC","リチウム・アメリカズ","売付","特定","600","24.5700","14,742.00","24.5666","2.00"
"2023/02/06","2023/02/08","LAC","リチウム・アメリカズ","売付","特定","200","24.5800","4,916.00","24.5666","2.67"
"2023/02/06","2023/02/08","LAC","リチウム・アメリカズ","売付","特定","200","24.5800","4,916.00","24.5666","2.67"
"2023/02/06","2023/02/08","LAC","リチウム・アメリカズ","売付","特定","100","24.5900","2,459.00","24.5666","2.33"
"2023/02/06","2023/02/08","LAC","リチウム・アメリカズ","売付","特定","100","24.5800","2,458.00","24.5666","1.33"
"2023/02/06","2023/02/08","SBUX","スターバックス","売付","特定","200","105.2500","21,050.00","105.1000","30.00"
"2023/02/03","2023/02/07","NEE","ネクステラ・エナジー","売付","特定","238","75.5710","17,985.90","75.3480","53.08"
"2023/02/03","2023/02/07","NEE","ネクステラ・エナジー","売付","特定","10","75.5710","755.71","75.3480","2.23"
"2023/02/03","2023/02/07","NEE","ネクステラ・エナジー","売付","特定","2","75.5700","151.14","75.3480","0.44"
"2023/02/03","2023/02/07","TTD","トレード・デスク","売付","特定","100","56.3200","5,632.00","51.7700","455.00"
"2023/02/03","2023/02/07","CRWD","クラウドストライク","売付","特定","100","116.4600","11,646.00","103.9459","1,251.40"
"2023/02/03","2023/02/07","CRWD","クラウドストライク","売付","特定","40","116.4600","4,658.40","103.9459","500.56"
"2023/02/03","2023/02/07","CRWD","クラウドストライク","売付","特定","100","115.2200","11,522.00","103.9459","1,127.40"
"2023/02/03","2023/02/07","LI","リー・オート","売付","特定","1,000","26.9100","26,910.00","27.2420","-332.00"
"2023/02/03","2023/02/07","CFLT","コンフルーエント","売付","特定","800","26.5400","21,232.00","26.7860","-196.80"
"2023/02/03","2023/02/07","CFLT","コンフルーエント","売付","特定","200","26.5400","5,308.00","26.7860","-49.20"
"2023/02/02","2023/02/06","GO","グローサリー･アウトレット･ホールディング","売付","特定","150","31.4901","4,723.52","28.6209","430.38"
"2023/02/02","2023/02/06","ZI","ズームインフォ・テクノロジーズ","売付","特定","1,000","28.0500","28,050.00","26.5614","1,488.53"
"2023/02/02","2023/02/06","HAS","ハスブロ","売付","特定","69","59.8000","4,126.20","58.8698","64.18"
"2023/02/02","2023/02/06","HAS","ハスブロ","売付","特定","1","59.8000","59.80","58.8698","0.93"
"2023/01/30","2023/02/01","DAL","デルタ航空","売付","特定","100","39.0800","3,908.00","39.2633","-18.33"
"2023/01/30","2023/02/01","PANW","パロ アルト ネットワークス","売付","特定","35","159.1000","5,568.50","138.1365","733.72"
"2023/01/27","2023/01/31","TUR","iシェアーズ MSCI トルコ ETF","売付","特定","100","35.0200","3,502.00","33.6255","139.45"
"2023/01/25","2023/01/27","AAPL","アップル","売付","特定","30","140.4700","4,214.10","134.0803","191.69"
"2023/01/25","2023/01/27","TSLA","テスラ","売付","特定","260","143.0900","37,203.40","131.2006","3,091.22"
"2023/01/25","2023/01/27","AMD","アドバンスト・マイクロ・デバイス(AMD)","売付","特定","50","73.7400","3,687.00","68.2546","274.27"
"2023/01/25","2023/01/27","GOOG","アルファベット クラスC","売付","特定","40","99.6700","3,986.80","91.8822","311.51"
"2023/01/25","2023/01/27","MDB","モンゴDB","売付","特定","20","203.8200","4,076.40","189.5930","284.54"
"2023/01/25","2023/01/27","MSFT","マイクロソフト","売付","特定","20","242.5000","4,850.00","241.2100","25.80"
"2023/01/23","2023/01/25","DPZ","ドミノ・ピザ","売付","特定","2","345.0198","690.04","348.2600","-6.48"
"2023/01/23","2023/01/25","ZI","ズームインフォ・テクノロジーズ","売付","特定","30","25.7700","773.10","26.5614","-23.74"
"2023/01/23","2023/01/25","DKNG","ドラフト・キングス","売付","特定","50","13.8212","691.06","13.6972","6.20"
"2023/01/23","2023/01/25","S","センチネルワン","売付","特定","50","14.1000","705.00","13.8022","14.89"
"2023/01/13","2023/01/17","CPB","キャンベルスープ","売付","特定","400","54.8004","21,920.16","57.0750","-909.84"
"2023/01/12","2023/01/16","CLFD","クリアフィールド","売付","特定","40","81.2000","3,248.00","91.4502","-410.01"
"2022/12/20","2022/12/22","TMDX","トランスメディクス・グループ","売付","特定","274","56.2859","15,422.34","62.5050","-1,704.03"
"2022/12/20","2022/12/22","TMDX","トランスメディクス・グループ","売付","特定","70","56.2800","3,939.60","62.5050","-435.75"
"2022/12/20","2022/12/22","TMDX","トランスメディクス・グループ","売付","特定","55","56.2800","3,095.40","62.5050","-342.38"
"2022/12/20","2022/12/22","TMDX","トランスメディクス・グループ","売付","特定","1","56.2800","56.28","62.5050","-6.23"
"2022/12/20","2022/12/22","SGML","シグマ・リチウム・コーポレーション","売付","特定","400","29.6300","11,852.00","35.4713","-2,336.52"
"2022/12/20","2022/12/22","SGML","シグマ・リチウム・コーポレーション","売付","特定","100","29.6600","2,966.00","35.4713","-581.13"
"2022/12/20","2022/12/22","SGML","シグマ・リチウム・コーポレーション","売付","特定","100","29.6300","2,963.00","35.4713","-584.13"
"2022/12/12","2022/12/14","TNA","Direxion デイリー 米国小型株 ブル3倍 ETF","売付","特定","650","34.2700","22,275.50","34.8934","-405.25"
"2022/12/05","2022/12/07","TMV","Direxion デイリー 20年超米国債 ベア3倍 ETF","売付","特定","200","115.7961","23,159.22","117.2700","-294.78"
"2022/12/05","2022/12/07","TTD","トレード・デスク","売付","特定","500","50.9200","25,460.00","50.0440","438.00"
"2022/12/05","2022/12/07","CRWD","クラウドストライク","売付","特定","150","121.7400","18,261.00","132.5866","-1,627.00"
"2022/12/05","2022/12/07","TECS","Direxion デイリー テクノロジー株 ベア 3倍 ETF","売付","特定","400","33.1800","13,272.00","33.7514","-228.57"
"2022/12/05","2022/12/07","TECS","Direxion デイリー テクノロジー株 ベア 3倍 ETF","売付","特定","100","33.1900","3,319.00","33.7514","-56.14"
"2022/12/05","2022/12/07","TECS","Direxion デイリー テクノロジー株 ベア 3倍 ETF","売付","特定","100","33.1900","3,319.00","33.7514","-56.14"
"2022/12/05","2022/12/07","TECS","Direxion デイリー テクノロジー株 ベア 3倍 ETF","売付","特定","100","33.1800","3,318.00","33.7514","-57.14"
"2022/12/05","2022/12/07","CELH","セルシウス・ホールディングス","売付","特定","250","110.2100","27,552.50","92.0880","4,530.50"
"2022/12/05","2022/12/07","SQQQ","プロシェアーズ・ウルトラプロ・ショートQQQ","売付","特定","600","42.4400","25,464.00","43.5266","-652.00"
"2022/11/29","2022/12/01","DDOG","データドッグ","売付","特定","500","73.8200","36,910.00","79.0336","-2,606.80"
"2022/11/29","2022/12/01","BILL","ビルコム・ホールディングス","売付","特定","90","117.6400","10,587.60","113.8100","344.70"
"2022/11/29","2022/12/01","BILL","ビルコム・ホールディングス","売付","特定","50","117.6000","5,880.00","113.8100","189.50"
"2022/11/29","2022/12/01","BILL","ビルコム・ホールディングス","売付","特定","42","117.6000","4,939.20","113.8100","159.18"
"2022/11/29","2022/12/01","BILL","ビルコム・ホールディングス","売付","特定","18","117.6000","2,116.80","113.8100","68.22"
"2022/11/29","2022/12/01","SNOW","スノーフレーク","売付","特定","98","141.9700","13,913.06","140.5266","141.45"
"2022/11/29","2022/12/01","SNOW","スノーフレーク","売付","特定","50","141.9700","7,098.50","140.5266","72.17"
"2022/11/29","2022/12/01","SNOW","スノーフレーク","売付","特定","1","141.9700","141.97","140.5266","1.44"
"2022/11/29","2022/12/01","SNOW","スノーフレーク","売付","特定","1","141.9700","141.97","140.5266","1.44"
"2022/11/29","2022/12/01","CFLT","コンフルーエント","売付","特定","300","21.9400","6,582.00","20.5820","407.40"
"2022/11/29","2022/12/01","CFLT","コンフルーエント","売付","特定","200","21.9400","4,388.00","20.5820","271.60"
"2022/11/29","2022/12/01","CFLT","コンフルーエント","売付","特定","200","21.9400","4,388.00","20.5820","271.60"
"2022/11/29","2022/12/01","CFLT","コンフルーエント","売付","特定","154","21.9400","3,378.76","20.5820","209.13"
"2022/11/29","2022/12/01","CFLT","コンフルーエント","売付","特定","100","21.9400","2,194.00","20.5820","135.80"
"2022/11/29","2022/12/01","CFLT","コンフルーエント","売付","特定","46","21.9400","1,009.24","20.5820","62.47"
"2022/11/29","2022/12/01","MSFT","マイクロソフト","売付","特定","214","241.5201","51,685.30","240.4074","238.11"
"2022/11/29","2022/12/01","TQQQ","プロシェアーズ・ウルトラプロQQQ","売付","特定","1,000","21.3100","21,310.00","20.1720","1,138.00"
"2022/11/10","2022/11/14","DDOG","データドッグ","売付","特定","100","67.2700","6,727.00","70.6466","-337.67"
"2022/11/10","2022/11/14","DDOG","データドッグ","売付","特定","50","67.2742","3,363.71","70.6466","-168.62"
"2022/11/10","2022/11/14","NET","クラウドフレア","売付","特定","150","37.8300","5,674.50","41.3166","-523.00"
"2022/11/08","2022/11/10","FOUR","シフト4・ペイメンツ","売付","特定","100","37.2500","3,725.00","39.6954","-244.54"
"2022/11/04","2022/11/08","ZI","ズームインフォ・テクノロジーズ","売付","特定","500","32.0000","16,000.00","45.0440","-6,522.00"
"2022/10/31","2022/11/02","DNA","ギンコ・バイオワークス・ホールディングス","売付","特定","2,145","2.5600","5,491.20","2.8036","-522.67"
"2022/10/31","2022/11/02","DNA","ギンコ・バイオワークス・ホールディングス","売付","特定","1,300","2.5700","3,341.00","2.8036","-303.77"
"2022/10/31","2022/11/02","DNA","ギンコ・バイオワークス・ホールディングス","売付","特定","912","2.5700","2,343.84","2.8036","-213.11"
"2022/10/31","2022/11/02","DNA","ギンコ・バイオワークス・ホールディングス","売付","特定","400","2.5700","1,028.00","2.8036","-93.47"
"2022/10/31","2022/11/02","DNA","ギンコ・バイオワークス・ホールディングス","売付","特定","400","2.5700","1,028.00","2.8036","-93.47"
"2022/10/31","2022/11/02","DNA","ギンコ・バイオワークス・ホールディングス","売付","特定","300","2.5700","771.00","2.8036","-70.10"
"2022/10/31","2022/11/02","DNA","ギンコ・バイオワークス・ホールディングス","売付","特定","200","2.5700","514.00","2.8036","-46.73"
"2022/10/31","2022/11/02","DNA","ギンコ・バイオワークス・ホールディングス","売付","特定","140","2.5700","359.80","2.8036","-32.71"
"2022/10/31","2022/11/02","DNA","ギンコ・バイオワークス・ホールディングス","売付","特定","100","2.5700","257.00","2.8036","-23.37"
"2022/10/31","2022/11/02","DNA","ギンコ・バイオワークス・ホールディングス","売付","特定","83","2.5700","213.31","2.8036","-19.39"
"2022/10/31","2022/11/02","DNA","ギンコ・バイオワークス・ホールディングス","売付","特定","20","2.5700","51.40","2.8036","-4.67"
"2022/10/31","2022/11/02","VALE","ヴァーレ","売付","特定","300","12.7300","3,819.00","13.7140","-295.20"
"2022/10/31","2022/11/02","VALE","ヴァーレ","売付","特定","200","12.7300","2,546.00","13.7140","-196.80"
"2022/10/31","2022/11/02","VALE","ヴァーレ","売付","特定","200","12.7300","2,546.00","13.7140","-196.80"
"2022/10/31","2022/11/02","VALE","ヴァーレ","売付","特定","100","12.7300","1,273.00","13.7140","-98.40"
"2022/10/31","2022/11/02","VALE","ヴァーレ","売付","特定","100","12.7300","1,273.00","13.7140","-98.40"
"2022/10/31","2022/11/02","VALE","ヴァーレ","売付","特定","50","12.7300","636.50","13.7140","-49.20"
"2022/10/31","2022/11/02","VALE","ヴァーレ","売付","特定","25","12.7300","318.25","13.7140","-24.60"
"2022/10/31","2022/11/02","VALE","ヴァーレ","売付","特定","15","12.7300","190.95","13.7140","-14.76"
"2022/10/31","2022/11/02","VALE","ヴァーレ","売付","特定","9","12.7200","114.48","13.7140","-8.95"
"2022/10/31","2022/11/02","VALE","ヴァーレ","売付","特定","1","12.7300","12.73","13.7140","-0.98"
"2022/10/11","2022/10/13","NET","クラウドフレア","売付","特定","500","55.2501","27,625.05","60.1420","-2,445.98"
"2022/10/11","2022/10/13","ZI","ズームインフォ・テクノロジーズ","売付","特定","700","44.4400","31,108.00","45.6214","-827.00"
"2022/10/11","2022/10/13","SNOW","スノーフレーク","売付","特定","100","175.6800","17,568.00","182.3522","-667.22"
"2022/10/11","2022/10/13","SNOW","スノーフレーク","売付","特定","80","175.6380","14,051.04","182.3522","-537.14"
"2022/10/11","2022/10/13","GLBE","グローバル・イー・オンライン","売付","特定","374","25.1100","9,391.14","29.3670","-1,592.12"
"2022/10/11","2022/10/13","GLBE","グローバル・イー・オンライン","売付","特定","200","25.1300","5,026.00","29.3670","-847.40"
"2022/10/11","2022/10/13","GLBE","グローバル・イー・オンライン","売付","特定","100","25.1200","2,512.00","29.3670","-424.70"
"2022/10/11","2022/10/13","GLBE","グローバル・イー・オンライン","売付","特定","100","25.1200","2,512.00","29.3670","-424.70"
"2022/10/11","2022/10/13","GLBE","グローバル・イー・オンライン","売付","特定","100","25.1200","2,512.00","29.3670","-424.70"
"2022/10/11","2022/10/13","GLBE","グローバル・イー・オンライン","売付","特定","100","25.1200","2,512.00","29.3670","-424.70"
"2022/10/11","2022/10/13","GLBE","グローバル・イー・オンライン","売付","特定","22","25.1200","552.64","29.3670","-93.43"
"2022/10/11","2022/10/13","GLBE","グローバル・イー・オンライン","売付","特定","2","25.1300","50.26","29.3670","-8.47"
"2022/10/11","2022/10/13","GLBE","グローバル・イー・オンライン","売付","特定","2","25.1200","50.24","29.3670","-8.49"
"2022/09/27","2022/09/29","EXLS","EXLサービス・ホールディングス","売付","特定","200","157.4800","31,496.00","173.0805","-3,120.11"
"2022/09/27","2022/09/29","EXLS","EXLサービス・ホールディングス","売付","特定","50","157.4900","7,874.50","173.0805","-779.53"
"2022/09/26","2022/09/28","BJ","BJsホールセール・クラブ・ホールディングス","売付","特定","200","73.6944","14,738.88","77.7300","-807.12"
"2022/09/26","2022/09/28","BJ","BJsホールセール・クラブ・ホールディングス","売付","特定","200","73.6900","14,738.00","77.7300","-808.00"
"2022/09/26","2022/09/28","CALM","カルメイン・フーズ","売付","特定","256","59.0300","15,111.68","58.7040","83.46"
"2022/09/26","2022/09/28","CALM","カルメイン・フーズ","売付","特定","200","59.1500","11,830.00","58.7040","89.20"
"2022/09/26","2022/09/28","CALM","カルメイン・フーズ","売付","特定","26","59.1700","1,538.42","58.7040","12.12"
"2022/09/26","2022/09/28","CALM","カルメイン・フーズ","売付","特定","8","59.1700","473.36","58.7040","3.73"
"2022/09/26","2022/09/28","CALM","カルメイン・フーズ","売付","特定","5","59.1700","295.85","58.7040","2.33"
"2022/09/26","2022/09/28","CALM","カルメイン・フーズ","売付","特定","5","59.1700","295.85","58.7040","2.33"
"2022/09/26","2022/09/28","ENPH","エンフェーズ・エナジー","売付","特定","100","275.4000","27,540.00","316.1000","-4,070.00"
"2022/09/26","2022/09/28","SNOW","スノーフレーク","売付","特定","60","171.9500","10,317.00","177.2536","-318.22"
"2022/09/20","2022/09/22","TEAM","アトラシアン　クラスA","売付","特定","100","239.1000","23,910.00","239.1812","-8.12"
"2022/09/20","2022/09/22","SMCI","スーパー・マイクロ・コンピューター","売付","特定","200","57.8400","11,568.00","64.8563","-1,403.27"
"2022/09/20","2022/09/22","SMCI","スーパー・マイクロ・コンピューター","売付","特定","100","57.8500","5,785.00","64.8563","-700.63"
"2022/09/20","2022/09/22","SMCI","スーパー・マイクロ・コンピューター","売付","特定","100","57.8400","5,784.00","64.8563","-701.63"
"2022/09/20","2022/09/22","SMCI","スーパー・マイクロ・コンピューター","売付","特定","100","57.8400","5,784.00","64.8563","-701.63"
"2022/09/20","2022/09/22","SMCI","スーパー・マイクロ・コンピューター","売付","特定","50","57.8400","2,892.00","64.8563","-350.82"
"2022/09/20","2022/09/22","SMCI","スーパー・マイクロ・コンピューター","売付","特定","25","57.8400","1,446.00","64.8563","-175.41"
"2022/09/20","2022/09/22","SMCI","スーパー・マイクロ・コンピューター","売付","特定","24","57.8200","1,387.68","64.8563","-168.87"
"2022/09/20","2022/09/22","SMCI","スーパー・マイクロ・コンピューター","売付","特定","1","57.8300","57.83","64.8563","-7.03"
"2022/09/16","2022/09/21","BILL","ビルコム・ホールディングス","売付","特定","70","159.1600","11,141.20","156.1042","213.90"
"2022/09/16","2022/09/21","CPRX","カタリスト・ファーマシューティカルズ","売付","特定","800","13.5700","10,856.00","15.5510","-1,584.80"
"2022/09/16","2022/09/21","CPRX","カタリスト・ファーマシューティカルズ","売付","特定","200","13.5700","2,714.00","15.5510","-396.20"
"2022/09/16","2022/09/21","CPRX","カタリスト・ファーマシューティカルズ","売付","特定","200","13.5700","2,714.00","15.5510","-396.20"
"2022/09/16","2022/09/21","CPRX","カタリスト・ファーマシューティカルズ","売付","特定","200","13.5700","2,714.00","15.5510","-396.20"
"2022/09/16","2022/09/21","CPRX","カタリスト・ファーマシューティカルズ","売付","特定","100","13.5700","1,357.00","15.5510","-198.10"
"2022/09/16","2022/09/21","CPRX","カタリスト・ファーマシューティカルズ","売付","特定","100","13.5700","1,357.00","15.5510","-198.10"
"2022/09/16","2022/09/21","CPRX","カタリスト・ファーマシューティカルズ","売付","特定","100","13.5700","1,357.00","15.5510","-198.10"
"2022/09/16","2022/09/21","CPRX","カタリスト・ファーマシューティカルズ","売付","特定","100","13.5700","1,357.00","15.5510","-198.10"
"2022/09/16","2022/09/21","CPRX","カタリスト・ファーマシューティカルズ","売付","特定","100","13.5700","1,357.00","15.5510","-198.10"
"2022/09/16","2022/09/21","CPRX","カタリスト・ファーマシューティカルズ","売付","特定","82","13.5700","1,112.74","15.5510","-162.44"
"2022/09/16","2022/09/21","CPRX","カタリスト・ファーマシューティカルズ","売付","特定","18","13.5700","244.26","15.5510","-35.66"
"2022/09/16","2022/09/21","ZI","ズームインフォ・テクノロジーズ","売付","特定","250","43.8110","10,952.75","42.5838","306.78"
"2022/09/15","2022/09/20","GPC","ジェニュイン・パーツ","売付","特定","100","156.3200","15,632.00","162.0985","-577.85"
"2022/09/15","2022/09/20","GPC","ジェニュイン・パーツ","売付","特定","50","156.3000","7,815.00","162.0985","-289.93"
"2022/09/13","2022/09/15","CSIQ","カナディアン・ソーラー","売付","特定","200","41.5100","8,302.00","47.0929","-1,116.58"
"2022/09/13","2022/09/15","CSIQ","カナディアン・ソーラー","売付","特定","100","41.5150","4,151.50","47.0929","-557.79"
"2022/09/13","2022/09/15","CSIQ","カナディアン・ソーラー","売付","特定","100","41.5107","4,151.07","47.0929","-558.22"
"2022/09/13","2022/09/15","CSIQ","カナディアン・ソーラー","売付","特定","100","41.5101","4,151.01","47.0929","-558.28"
"2022/09/13","2022/09/15","CSIQ","カナディアン・ソーラー","売付","特定","100","41.5101","4,151.01","47.0929","-558.28"
"2022/09/13","2022/09/15","CSIQ","カナディアン・ソーラー","売付","特定","100","41.5100","4,151.00","47.0929","-558.29"
"2022/08/29","2022/08/31","GPC","ジェニュイン・パーツ","売付","特定","100","157.3300","15,733.00","142.7061","1,462.39"
"2022/08/29","2022/08/31","GPC","ジェニュイン・パーツ","売付","特定","50","157.3300","7,866.50","142.7061","731.19"
"2022/08/29","2022/08/31","TMUS","T-モバイル・US","売付","特定","150","143.2800","21,492.00","141.0338","336.92"
"2022/08/29","2022/08/31","BJ","BJsホールセール・クラブ・ホールディングス","売付","特定","300","71.4750","21,442.50","73.4883","-604.00"
"2022/08/29","2022/08/31","ENPH","エンフェーズ・エナジー","売付","特定","100","289.2600","28,926.00","295.9628","-670.28"
"2022/08/29","2022/08/31","ENPH","エンフェーズ・エナジー","売付","特定","60","289.1800","17,350.80","295.9628","-406.97"
"2022/08/29","2022/08/31","CSIQ","カナディアン・ソーラー","売付","特定","100","44.6400","4,464.00","42.0640","257.60"
"2022/08/29","2022/08/31","CSIQ","カナディアン・ソーラー","売付","特定","100","44.6400","4,464.00","42.0640","257.60"
"2022/08/29","2022/08/31","CSIQ","カナディアン・ソーラー","売付","特定","100","44.6300","4,463.00","42.0640","256.60"
"2022/08/29","2022/08/31","CSIQ","カナディアン・ソーラー","売付","特定","100","44.6300","4,463.00","42.0640","256.60"
"2022/08/29","2022/08/31","CSIQ","カナディアン・ソーラー","売付","特定","97","44.6300","4,329.11","42.0640","248.90"
"2022/08/29","2022/08/31","CSIQ","カナディアン・ソーラー","売付","特定","3","44.6400","133.92","42.0640","7.73"
"2022/08/29","2022/08/31","CELH","セルシウス・ホールディングス","売付","特定","200","110.8100","22,162.00","103.1312","1,535.75"
"2022/08/25","2022/08/29","IMXI","インターナショナル・マネー・エクスプレス","売付","特定","600","24.5800","14,748.00","25.3527","-463.67"
"2022/08/25","2022/08/29","IMXI","インターナショナル・マネー・エクスプレス","売付","特定","100","24.5810","2,458.10","25.3527","-77.18"
"2022/08/25","2022/08/29","IMXI","インターナショナル・マネー・エクスプレス","売付","特定","100","24.5810","2,458.10","25.3527","-77.18"
"2022/08/25","2022/08/29","IMXI","インターナショナル・マネー・エクスプレス","売付","特定","100","24.5800","2,458.00","25.3527","-77.28"
"2022/08/25","2022/08/29","IMXI","インターナショナル・マネー・エクスプレス","売付","特定","64","24.5800","1,573.12","25.3527","-49.46"
"2022/08/25","2022/08/29","IMXI","インターナショナル・マネー・エクスプレス","売付","特定","33","24.5800","811.14","25.3527","-25.50"
"2022/08/25","2022/08/29","IMXI","インターナショナル・マネー・エクスプレス","売付","特定","3","24.5800","73.74","25.3527","-2.32"
"2022/08/24","2022/08/26","CSL","カーライル","売付","特定","46","309.3800","14,231.48","313.3842","-184.20"
"2022/08/24","2022/08/26","CSL","カーライル","売付","特定","23","309.1100","7,109.53","313.3842","-98.31"
"2022/08/24","2022/08/26","CSL","カーライル","売付","特定","1","309.6600","309.66","313.3842","-3.72"
"2022/08/24","2022/08/26","GO","グローサリー･アウトレット･ホールディング","売付","特定","300","39.9000","11,970.00","42.3790","-743.70"
"2022/08/24","2022/08/26","GO","グローサリー･アウトレット･ホールディング","売付","特定","200","39.9000","7,980.00","42.3790","-495.80"
"2022/08/24","2022/08/26","EXLS","EXLサービス・ホールディングス","売付","特定","100","175.6500","17,565.00","178.4691","-281.92"
"2022/08/24","2022/08/26","EXLS","EXLサービス・ホールディングス","売付","特定","30","175.9700","5,279.10","178.4691","-74.97"
"2022/08/16","2022/08/18","LNTH","ランセウス・ホールディングス","売付","特定","200","83.9600","16,792.00","74.3266","1,926.67"
"2022/08/16","2022/08/18","LNTH","ランセウス・ホールディングス","売付","特定","100","84.0036","8,400.36","74.3266","967.69"
"2022/08/12","2022/08/16","MUSA","マーフィーUSA","売付","特定","100","286.9100","28,691.00","274.9943","1,191.57"
"2022/08/12","2022/08/16","OPCH","オプション・ケア・ヘルス","売付","特定","1,000","34.5200","34,520.00","31.5185","3,001.50"
"2022/08/12","2022/08/16","ZI","ズームインフォ・テクノロジーズ","売付","特定","600","48.5050","29,103.00","42.2166","3,773.00"
"2022/08/09","2022/08/12","FNKO","ファンコ","売付","特定","200","22.6200","4,524.00","26.2870","-733.40"
"2022/08/09","2022/08/12","FNKO","ファンコ","売付","特定","127","22.6200","2,872.74","26.2870","-465.71"
"2022/08/09","2022/08/12","FNKO","ファンコ","売付","特定","124","22.5800","2,799.92","26.2870","-459.67"
"2022/08/09","2022/08/12","FNKO","ファンコ","売付","特定","100","22.6200","2,262.00","26.2870","-366.70"
"2022/08/09","2022/08/12","FNKO","ファンコ","売付","特定","100","22.6200","2,262.00","26.2870","-366.70"
"2022/08/09","2022/08/12","FNKO","ファンコ","売付","特定","100","22.6200","2,262.00","26.2870","-366.70"
"2022/08/09","2022/08/12","FNKO","ファンコ","売付","特定","100","22.6010","2,260.10","26.2870","-368.60"
"2022/08/09","2022/08/12","FNKO","ファンコ","売付","特定","75","22.6200","1,696.50","26.2870","-275.03"
"2022/08/09","2022/08/12","FNKO","ファンコ","売付","特定","9","22.6350","203.72","26.2870","-32.86"
"2022/08/09","2022/08/12","FNKO","ファンコ","売付","特定","9","22.6350","203.72","26.2870","-32.86"
"2022/08/09","2022/08/12","FNKO","ファンコ","売付","特定","9","22.6350","203.72","26.2870","-32.86"
"2022/08/09","2022/08/12","FNKO","ファンコ","売付","特定","9","22.6350","203.72","26.2870","-32.86"
"2022/08/09","2022/08/12","FNKO","ファンコ","売付","特定","9","22.6350","203.72","26.2870","-32.86"
"2022/08/09","2022/08/12","FNKO","ファンコ","売付","特定","9","22.6350","203.72","26.2870","-32.86"
"2022/08/09","2022/08/12","FNKO","ファンコ","売付","特定","9","22.6350","203.72","26.2870","-32.86"
"2022/08/09","2022/08/12","FNKO","ファンコ","売付","特定","4","22.6200","90.48","26.2870","-14.67"
"2022/08/09","2022/08/12","FNKO","ファンコ","売付","特定","3","22.6200","67.86","26.2870","-11.00"
"2022/08/09","2022/08/12","FNKO","ファンコ","売付","特定","2","22.6200","45.24","26.2870","-7.33"
"2022/08/09","2022/08/12","FNKO","ファンコ","売付","特定","2","22.6200","45.24","26.2870","-7.33"
"2022/08/09","2022/08/12","GO","グローサリー･アウトレット･ホールディング","売付","特定","200","45.0500","9,010.00","40.9652","816.96"
"2022/08/09","2022/08/12","GO","グローサリー･アウトレット･ホールディング","売付","特定","50","45.0500","2,252.50","40.9652","204.24"
"2022/08/04","2022/08/08","PWR","クアンタ・サービシーズ","売付","特定","100","137.0100","13,701.00","145.3866","-837.67"
"2022/08/04","2022/08/08","PWR","クアンタ・サービシーズ","売付","特定","50","137.0400","6,852.00","145.3866","-417.33"
"2022/07/28","2022/08/01","RPRX","ロイヤルティ･ファーマ","売付","特定","400","43.7800","17,512.00","43.9450","-66.00"
"2022/07/27","2022/07/29","VRRM","ヴェラ・モビリティー","売付","特定","1,500","15.8400","23,760.00","16.9646","-1,687.01"
"2022/07/13","2022/07/15","EVH","エボレント・ヘルス","売付","特定","200","30.2500","6,050.00","33.6364","-677.29"
"2022/07/13","2022/07/15","EVH","エボレント・ヘルス","売付","特定","145","30.2500","4,386.25","33.6364","-491.03"
"2022/07/13","2022/07/15","EVH","エボレント・ヘルス","売付","特定","100","30.2600","3,026.00","33.6364","-337.64"
"2022/07/13","2022/07/15","EVH","エボレント・ヘルス","売付","特定","100","30.2500","3,025.00","33.6364","-338.64"
"2022/07/13","2022/07/15","EVH","エボレント・ヘルス","売付","特定","100","30.2500","3,025.00","33.6364","-338.64"
"2022/07/13","2022/07/15","EVH","エボレント・ヘルス","売付","特定","22","30.2600","665.72","33.6364","-74.28"
"2022/07/13","2022/07/15","EVH","エボレント・ヘルス","売付","特定","18","30.2600","544.68","33.6364","-60.78"
"2022/07/13","2022/07/15","EVH","エボレント・ヘルス","売付","特定","15","30.2600","453.90","33.6364","-50.65"
"2022/07/13","2022/07/15","FNKO","ファンコ","売付","特定","100","23.4800","2,348.00","25.0328","-155.29"
"2022/07/13","2022/07/15","FNKO","ファンコ","売付","特定","100","23.4800","2,348.00","25.0328","-155.29"
"2022/07/13","2022/07/15","FNKO","ファンコ","売付","特定","100","23.4800","2,348.00","25.0328","-155.29"
"2022/07/13","2022/07/15","FNKO","ファンコ","売付","特定","100","23.4800","2,348.00","25.0328","-155.29"
"2022/07/13","2022/07/15","FNKO","ファンコ","売付","特定","100","23.4800","2,348.00","25.0328","-155.29"
"2022/07/13","2022/07/15","FNKO","ファンコ","売付","特定","100","23.4600","2,346.00","25.0328","-157.29"
"2022/07/13","2022/07/15","FNKO","ファンコ","売付","特定","70","23.4500","1,641.50","25.0328","-110.80"
"2022/07/13","2022/07/15","FNKO","ファンコ","売付","特定","29","23.4800","680.92","25.0328","-45.03"
"2022/07/13","2022/07/15","FNKO","ファンコ","売付","特定","1","23.4800","23.48","25.0328","-1.55"
"2022/07/13","2022/07/15","CELH","セルシウス・ホールディングス","売付","特定","300","73.0900","21,927.00","76.6483","-1,067.50"
"2022/07/01","2022/07/05","VRRM","ヴェラ・モビリティー","売付","特定","300","15.3100","4,593.00","16.1740","-259.20"
"2022/07/01","2022/07/05","VRRM","ヴェラ・モビリティー","売付","特定","200","15.4000","3,080.00","16.1740","-154.80"
"2022/06/30","2022/07/04","DQ","ダコ・ニューエナジー","売付","特定","300","64.1000","19,230.00","67.6711","-1,071.34"
"2022/06/29","2022/07/01","CRWD","クラウドストライク","売付","特定","47","172.8700","8,124.89","182.4950","-452.38"
"2022/06/29","2022/07/01","CRWD","クラウドストライク","売付","特定","1","172.8900","172.89","182.4950","-9.61"
"2022/06/29","2022/07/01","CRWD","クラウドストライク","売付","特定","1","172.8800","172.88","182.4950","-9.62"
"2022/06/29","2022/07/01","CRWD","クラウドストライク","売付","特定","1","172.8800","172.88","182.4950","-9.62"
"2022/06/29","2022/07/01","ENPH","エンフェーズ・エナジー","売付","特定","40","195.5200","7,820.80","206.3575","-433.50"
"2022/06/29","2022/07/01","GTLB","ギットラブ","売付","特定","100","51.6200","5,162.00","54.5266","-290.67"
"2022/06/29","2022/07/01","GTLB","ギットラブ","売付","特定","50","51.6200","2,581.00","54.5266","-145.33"
"2022/06/17","2022/06/21","SQM","ソシエダード・キミカ・イ・ミネラ・デ・チリ","売付","特定","125","90.4200","11,302.50","93.3380","-364.75"
"2022/06/17","2022/06/21","SQM","ソシエダード・キミカ・イ・ミネラ・デ・チリ","売付","特定","100","90.5200","9,052.00","93.3380","-281.80"
"2022/06/17","2022/06/21","SQM","ソシエダード・キミカ・イ・ミネラ・デ・チリ","売付","特定","25","90.5000","2,262.50","93.3380","-70.95"
"2022/06/17","2022/06/21","STNG","スコーピオ・タンカーズ","売付","特定","250","34.6000","8,650.00","35.7580","-289.50"
"2022/06/10","2022/06/14","JKS","ジンコソーラー・ホールディング","売付","特定","166","63.5200","10,544.32","67.2843","-624.88"
"2022/06/10","2022/06/14","JKS","ジンコソーラー・ホールディング","売付","特定","100","63.5100","6,351.00","67.2843","-377.43"
"2022/06/10","2022/06/14","JKS","ジンコソーラー・ホールディング","売付","特定","100","63.5100","6,351.00","67.2843","-377.43"
"2022/06/10","2022/06/14","JKS","ジンコソーラー・ホールディング","売付","特定","34","63.5100","2,159.34","67.2843","-128.33"
"2022/06/10","2022/06/14","NFE","ニュー・フォートレス・エナジー","売付","特定","500","46.1301","23,065.05","48.6440","-1,256.95"
"2022/06/09","2022/06/13","ROCC","レンジャー・オイル","売付","特定","162","49.9500","8,091.90","42.8880","1,144.04"
"2022/06/09","2022/06/13","ROCC","レンジャー・オイル","売付","特定","100","49.9900","4,999.00","42.8880","710.20"
"2022/06/09","2022/06/13","ROCC","レンジャー・オイル","売付","特定","100","49.9800","4,998.00","42.8880","709.20"
"2022/06/09","2022/06/13","ROCC","レンジャー・オイル","売付","特定","99","49.9800","4,948.02","42.8880","702.11"
"2022/06/09","2022/06/13","ROCC","レンジャー・オイル","売付","特定","10","50.0100","500.10","42.8880","71.22"
"2022/06/09","2022/06/13","ROCC","レンジャー・オイル","売付","特定","9","50.0100","450.09","42.8880","64.10"
"2022/06/09","2022/06/13","ROCC","レンジャー・オイル","売付","特定","5","50.0100","250.05","42.8880","35.61"
"2022/06/09","2022/06/13","ROCC","レンジャー・オイル","売付","特定","3","50.0000","150.00","42.8880","21.34"
"2022/06/09","2022/06/13","ROCC","レンジャー・オイル","売付","特定","2","50.0100","100.02","42.8880","14.24"
"2022/06/09","2022/06/13","ROCC","レンジャー・オイル","売付","特定","2","49.9800","99.96","42.8880","14.18"
"2022/06/09","2022/06/13","ROCC","レンジャー・オイル","売付","特定","2","49.9800","99.96","42.8880","14.18"
"2022/06/09","2022/06/13","ROCC","レンジャー・オイル","売付","特定","2","49.9800","99.96","42.8880","14.18"
"2022/06/09","2022/06/13","ROCC","レンジャー・オイル","売付","特定","1","49.9900","49.99","42.8880","7.10"
"2022/06/09","2022/06/13","ROCC","レンジャー・オイル","売付","特定","1","49.9900","49.99","42.8880","7.10"
"2022/06/09","2022/06/13","ROCC","レンジャー・オイル","売付","特定","1","49.9800","49.98","42.8880","7.09"
"2022/06/09","2022/06/13","ROCC","レンジャー・オイル","売付","特定","1","49.9700","49.97","42.8880","7.08"
"2022/06/09","2022/06/13","EGLE","イーグル･バルク･シッピング","売付","特定","300","69.7000","20,910.00","73.3333","-1,090.00"
"2022/04/26","2022/04/28","LAC","リチウム・アメリカズ","売付","特定","200","25.9501","5,190.02","27.6595","-341.88"
"2022/04/26","2022/04/28","LAC","リチウム・アメリカズ","売付","特定","100","26.0000","2,600.00","27.6595","-165.95"
"2022/04/26","2022/04/28","LAC","リチウム・アメリカズ","売付","特定","100","25.9900","2,599.00","27.6595","-166.95"
"2022/04/26","2022/04/28","LAC","リチウム・アメリカズ","売付","特定","100","25.9600","2,596.00","27.6595","-169.95"
"2022/04/26","2022/04/28","LAC","リチウム・アメリカズ","売付","特定","100","25.9600","2,596.00","27.6595","-169.95"
"2022/04/26","2022/04/28","LAC","リチウム・アメリカズ","売付","特定","100","25.9600","2,596.00","27.6595","-169.95"
"2022/04/26","2022/04/28","LAC","リチウム・アメリカズ","売付","特定","100","25.9500","2,595.00","27.6595","-170.95"
"2022/04/26","2022/04/28","LAC","リチウム・アメリカズ","売付","特定","50","26.0000","1,300.00","27.6595","-82.98"
"2022/04/26","2022/04/28","LAC","リチウム・アメリカズ","売付","特定","50","25.9800","1,299.00","27.6595","-83.98"
"2022/04/26","2022/04/28","LAC","リチウム・アメリカズ","売付","特定","50","25.9600","1,298.00","27.6595","-84.98"
"2022/04/26","2022/04/28","LAC","リチウム・アメリカズ","売付","特定","50","25.9600","1,298.00","27.6595","-84.98"
"2022/04/19","2022/04/21","CRWD","クラウドストライク","売付","特定","40","225.1300","9,005.20","237.5500","-496.80"
"2022/04/15","2022/04/19","LAC","リチウム・アメリカズ","売付","特定","250","30.3050","7,576.25","30.8980","-148.25"
"2022/04/07","2022/04/11","TSLA","テスラ","売付","特定","40","1,053.1700","42,126.80","708.5500","13,784.80"
"2022/04/07","2022/04/11","CRWD","クラウドストライク","売付","特定","100","213.7050","21,370.50","210.6792","302.58"
"2022/04/07","2022/04/11","DDOG","データドッグ","売付","特定","171","137.4700","23,507.37","147.2066","-1,664.97"
"2022/04/07","2022/04/11","DDOG","データドッグ","売付","特定","50","137.4600","6,873.00","147.2066","-487.33"
"2022/04/07","2022/04/11","DDOG","データドッグ","売付","特定","29","137.4100","3,984.89","147.2066","-284.10"
"2022/04/07","2022/04/11","SE","シー","売付","特定","100","121.2100","12,121.00","263.5868","-14,237.69"
"2022/04/07","2022/04/11","U","ユニティー・ソフトウェア","売付","特定","100","94.2000","9,420.00","103.7800","-958.00"
"2022/04/07","2022/04/11","U","ユニティー・ソフトウェア","売付","特定","100","94.2000","9,420.00","103.7800","-958.00"
"2022/04/07","2022/04/11","U","ユニティー・ソフトウェア","売付","特定","40","94.2000","3,768.00","103.7800","-383.20"
"2022/04/07","2022/04/11","U","ユニティー・ソフトウェア","売付","特定","30","94.2100","2,826.30","103.7800","-287.10"
"2022/04/07","2022/04/11","U","ユニティー・ソフトウェア","売付","特定","30","94.1700","2,825.10","103.7800","-288.30"
"2022/04/07","2022/04/11","SNOW","スノーフレーク","売付","特定","350","213.6100","74,763.50","296.5701","-29,036.06"
"2022/04/01","2022/04/05","SNOW","スノーフレーク","売付","特定","134","234.0000","31,356.00","296.5701","-8,384.40"
"2022/04/01","2022/04/05","SNOW","スノーフレーク","売付","特定","31","234.0000","7,254.00","296.5701","-1,939.68"
"2022/03/31","2022/04/04","CRWD","クラウドストライク","売付","特定","20","224.9000","4,498.00","210.6792","284.42"
"2022/03/31","2022/04/04","DDOG","データドッグ","売付","特定","80","149.5100","11,960.80","147.2066","184.27"
"2022/03/31","2022/04/04","SE","シー","売付","特定","85","123.1000","10,463.50","263.5868","-11,941.39"
"2022/03/31","2022/04/04","DUOL","デュオリンゴ","売付","特定","49","91.7500","4,495.75","140.7950","-2,403.21"
"2022/03/31","2022/04/04","DUOL","デュオリンゴ","売付","特定","16","91.7400","1,467.84","140.7950","-784.88"
"2022/03/04","2022/03/08","AMPL","アンプリチュード","売付","特定","140","21.3400","2,987.60","63.4188","-5,891.04"
"2022/03/04","2022/03/08","AMPL","アンプリチュード","売付","特定","100","21.3400","2,134.00","63.4188","-4,207.89"
"2022/03/04","2022/03/08","AMPL","アンプリチュード","売付","特定","95","21.3400","2,027.30","63.4188","-3,997.49"
"2022/03/04","2022/03/08","AMPL","アンプリチュード","売付","特定","70","21.3400","1,493.80","63.4188","-2,945.52"
"2022/03/04","2022/03/08","AMPL","アンプリチュード","売付","特定","45","21.3400","960.30","63.4188","-1,893.55"
"2021/12/28","2021/12/30","SE","シー","売付","特定","185","220.0050","40,700.93","263.5868","-8,062.64"
"2021/12/03","2021/12/07","SHOP","ショッピファイ","売付","特定","40","1,449.3900","57,975.60","1,539.5227","-3,605.31"
"2021/12/03","2021/12/07","CRWD","クラウドストライク","売付","特定","100","209.6100","20,961.00","210.6792","-106.92"
"2021/12/03","2021/12/07","CRWD","クラウドストライク","売付","特定","30","209.6000","6,288.00","210.6792","-32.38"
"2021/12/02","2021/12/06","GOOG","アルファベット クラスC","売付","特定","7","2,879.1400","20,153.98","2,748.8728","911.87"
"2021/12/02","2021/12/06","GOOGL","アルファベット クラスA","売付","特定","3","2,866.3500","8,599.05","2,721.3666","434.95"
"2021/09/01","2021/09/03","ZM","ズーム・ビデオ・コミュニケーションズ","売付","特定","200","289.7200","57,944.00","357.8420","-13,624.42"
"2021/09/01","2021/09/03","ZM","ズーム・ビデオ・コミュニケーションズ","売付","特定","50","289.7100","14,485.50","357.8420","-3,406.60"
"2021/08/16","2021/08/18","FB","メタ・プラットフォームズ","売付","特定","10","363.3900","3,633.90","312.4680","509.22"
"2021/08/16","2021/08/18","CWEB","Direxion デイリー CSI中国インターネット指数株 ブル 2倍 ETF","売付","特定","100","21.0038","2,100.38","49.1200","-2,811.62"
"2021/08/16","2021/08/18","CWEB","Direxion デイリー CSI中国インターネット指数株 ブル 2倍 ETF","売付","特定","100","21.0000","2,100.00","49.1200","-2,812.00"
"2021/08/16","2021/08/18","AFRM","アファーム・ホールディングス","売付","特定","100","68.1850","6,818.50","70.8966","-271.17"
"2021/08/16","2021/08/18","BIDU","バイドゥ","売付","特定","100","153.4100","15,341.00","200.1179","-4,670.79"
"2021/08/16","2021/08/18","BIDU","バイドゥ","売付","特定","30","153.4100","4,602.30","200.1179","-1,401.24"
"2021/08/13","2021/08/17","SNAP","スナップ","売付","特定","100","75.6750","7,567.50","62.2066","1,346.83"
"2021/08/11","2021/08/13","AAPL","アップル","売付","特定","100","145.4150","14,541.50","122.3700","2,304.50"
"2021/08/11","2021/08/13","NCNO","エヌシーノ・オプコ","売付","特定","100","62.7900","6,279.00","66.8933","-410.33"
"2021/08/11","2021/08/13","NCNO","エヌシーノ・オプコ","売付","特定","100","62.7700","6,277.00","66.8933","-412.33"
"2021/08/11","2021/08/13","LAC","リチウム・アメリカズ","売付","特定","200","17.3520","3,470.40","14.7023","529.93"
"2021/08/05","2021/08/10","JD","JD.COM（京東商城）","売付","特定","50","71.6100","3,580.50","72.0748","-23.24"
"2021/08/05","2021/08/10","BABA","アリババ・グループ・ホールディング","売付","特定","150","201.7350","30,260.25","212.5966","-1,629.24"
"2021/07/29","2021/08/02","BTI","ブリティッシュ・アメリカン・タバコ","売付","特定","730","38.0610","27,784.53","37.5171","397.00"
"2021/07/29","2021/08/02","BTI","ブリティッシュ・アメリカン・タバコ","売付","特定","100","38.0600","3,806.00","37.5171","54.28"
"2021/07/29","2021/08/02","EURN","ユーロナブ","売付","特定","3,850","8.6420","33,271.70","9.4454","-3,093.24"
"2021/07/29","2021/08/02","EURN","ユーロナブ","売付","特定","600","8.6450","5,187.00","9.4454","-480.26"
"2021/07/29","2021/08/02","IBM","IBM","売付","特定","20","142.1900","2,843.80","147.3753","-103.71"
"2021/07/27","2021/07/29","BTI","ブリティッシュ・アメリカン・タバコ","売付","特定","500","38.4200","19,210.00","37.5171","451.42"
"2021/07/27","2021/07/29","BTI","ブリティッシュ・アメリカン・タバコ","売付","特定","100","38.4338","3,843.38","37.5171","91.66"
"2021/07/27","2021/07/29","BTI","ブリティッシュ・アメリカン・タバコ","売付","特定","100","38.4300","3,843.00","37.5171","91.28"
"2021/07/27","2021/07/29","BTI","ブリティッシュ・アメリカン・タバコ","売付","特定","100","38.4300","3,843.00","37.5171","91.28"
"2021/07/27","2021/07/29","BTI","ブリティッシュ・アメリカン・タバコ","売付","特定","100","38.4300","3,843.00","37.5171","91.28"
"2021/07/26","2021/07/28","BTI","ブリティッシュ・アメリカン・タバコ","売付","特定","300","37.7700","11,331.00","37.5171","75.85"
"2021/07/26","2021/07/28","BTI","ブリティッシュ・アメリカン・タバコ","売付","特定","300","37.7700","11,331.00","37.5171","75.85"
"2021/07/26","2021/07/28","DLO","ディーローカル","売付","特定","100","49.4000","4,940.00","48.0700","133.00"
"2021/07/26","2021/07/28","DLO","ディーローカル","売付","特定","96","49.4000","4,742.40","48.0700","127.68"
"2021/07/26","2021/07/28","DLO","ディーローカル","売付","特定","2","49.4000","98.80","48.0700","2.66"
"2021/07/26","2021/07/28","DLO","ディーローカル","売付","特定","2","49.4000","98.80","48.0700","2.66"
"2021/07/01","2021/07/05","ZI","ズームインフォ・テクノロジーズ","売付","特定","100","52.1400","5,214.00","46.3588","578.11"
"2021/07/01","2021/07/05","ZI","ズームインフォ・テクノロジーズ","売付","特定","100","52.1300","5,213.00","46.3588","577.11"
"2021/07/01","2021/07/05","ZI","ズームインフォ・テクノロジーズ","売付","特定","100","52.1300","5,213.00","46.3588","577.11"
"2021/07/01","2021/07/05","ZI","ズームインフォ・テクノロジーズ","売付","特定","60","52.1200","3,127.20","46.3588","345.67"
"2021/07/01","2021/07/05","ZI","ズームインフォ・テクノロジーズ","売付","特定","40","52.1200","2,084.80","46.3588","230.44"
"2021/06/23","2021/06/25","ZI","ズームインフォ・テクノロジーズ","売付","特定","100","51.8200","5,182.00","46.3588","546.11"
"2021/06/23","2021/06/25","ZI","ズームインフォ・テクノロジーズ","売付","特定","100","51.8100","5,181.00","46.3588","545.11"
"2021/06/23","2021/06/25","ZI","ズームインフォ・テクノロジーズ","売付","特定","100","51.8098","5,180.98","46.3588","545.09"
"2021/06/23","2021/06/25","ZI","ズームインフォ・テクノロジーズ","売付","特定","100","51.8050","5,180.50","46.3588","544.61"
"2021/06/23","2021/06/25","ZI","ズームインフォ・テクノロジーズ","売付","特定","100","51.8000","5,180.00","46.3588","544.11"
"2021/06/16","2021/06/18","FAS","Direxion デイリー 米国金融株 ブル3倍 ETF","売付","特定","30","114.6000","3,438.00","122.8950","-248.85"
"2021/06/16","2021/06/18","KL","カークランド・レイク・ゴールド","売付","特定","55","42.6800","2,347.40","43.0821","-22.12"
"2021/06/16","2021/06/18","AGI","アラモス・ゴールド","売付","特定","400","8.8200","3,528.00","8.6425","70.98"
"2021/06/14","2021/06/16","SNAP","スナップ","売付","特定","50","63.0000","3,150.00","62.2066","39.67"
"2021/06/11","2021/06/15","IBM","IBM","売付","特定","10","151.2700","1,512.70","147.3753","38.95"
"2021/06/11","2021/06/15","MSFT","マイクロソフト","売付","特定","18","256.1300","4,610.34","246.6038","171.47"
"2021/06/02","2021/06/04","MRNA","モデルナ","売付","特定","30","183.7400","5,512.20","143.1650","1,217.25"
"2021/06/02","2021/06/04","BNTX","バイオエヌテック","売付","特定","30","206.0400","6,181.20","188.7333","519.20"
"2021/05/14","2021/05/18","REMX","ヴァンエック・レアアース/戦略的金属ETF","売付","特定","30","77.5200","2,325.60","86.6616","-274.25"
"2021/05/10","2021/05/12","NCNO","エヌシーノ・オプコ","売付","特定","100","59.5800","5,958.00","66.8933","-731.33"
"2021/05/10","2021/05/12","AFRM","アファーム・ホールディングス","売付","特定","30","56.5500","1,696.50","70.8966","-430.40"
"2021/05/10","2021/05/12","AFRM","アファーム・ホールディングス","売付","特定","20","56.5500","1,131.00","70.8966","-286.93"
"2021/03/29","2021/03/31","BEKE","KEホールディングス","売付","特定","251","54.0100","13,556.51","69.3791","-3,857.65"
"2021/03/29","2021/03/31","BEKE","KEホールディングス","売付","特定","199","54.0100","10,747.99","69.3791","-3,058.46"
"2021/03/29","2021/03/31","BEKE","KEホールディングス","売付","特定","100","54.0100","5,401.00","69.3791","-1,536.91"
"2021/03/29","2021/03/31","BEKE","KEホールディングス","売付","特定","100","54.0100","5,401.00","69.3791","-1,536.91"
"2021/03/29","2021/03/31","BEKE","KEホールディングス","売付","特定","100","54.0100","5,401.00","69.3791","-1,536.91"
"2021/03/29","2021/03/31","BEKE","KEホールディングス","売付","特定","100","54.0100","5,401.00","69.3791","-1,536.91"
"2021/03/29","2021/03/31","BEKE","KEホールディングス","売付","特定","100","54.0100","5,401.00","69.3791","-1,536.91"
"2021/03/29","2021/03/31","BEKE","KEホールディングス","売付","特定","100","54.0100","5,401.00","69.3791","-1,536.91"
"2021/03/29","2021/03/31","BEKE","KEホールディングス","売付","特定","100","54.0100","5,401.00","69.3791","-1,536.91"
"2021/03/26","2021/03/30","MGA","マグナ・インターナショナル","売付","特定","200","86.9000","17,380.00","79.4385","1,492.29"
"2021/03/26","2021/03/30","MGA","マグナ・インターナショナル","売付","特定","100","86.9000","8,690.00","79.4385","746.15"
"2021/03/26","2021/03/30","MGA","マグナ・インターナショナル","売付","特定","100","86.9000","8,690.00","79.4385","746.15"
"2021/03/26","2021/03/30","MGA","マグナ・インターナショナル","売付","特定","62","86.9000","5,387.80","79.4385","462.61"
"2021/03/26","2021/03/30","MGA","マグナ・インターナショナル","売付","特定","15","86.9000","1,303.50","79.4385","111.92"
"2021/03/26","2021/03/30","MGA","マグナ・インターナショナル","売付","特定","13","86.9000","1,129.70","79.4385","97.00"
"2021/03/23","2021/03/25","FUTU","フツ・ホールディングス","売付","特定","200","123.4600","24,692.00","150.7033","-5,448.67"
"2021/03/23","2021/03/25","FUTU","フツ・ホールディングス","売付","特定","100","123.4600","12,346.00","150.7033","-2,724.33"
"2021/03/23","2021/03/25","EH","イーハン・ホールディングス","売付","特定","643","42.6900","27,449.67","36.8820","3,734.54"
"2021/03/23","2021/03/25","EH","イーハン・ホールディングス","売付","特定","200","42.6900","8,538.00","36.8820","1,161.60"
"2021/03/23","2021/03/25","EH","イーハン・ホールディングス","売付","特定","150","42.6900","6,403.50","36.8820","871.20"
"2021/03/23","2021/03/25","EH","イーハン・ホールディングス","売付","特定","7","42.6900","298.83","36.8820","40.66"
"2021/03/17","2021/03/19","SQ","ブロック","売付","特定","284","251.6700","71,474.28","190.0450","17,501.50"
"2021/03/17","2021/03/19","SQ","ブロック","売付","特定","16","251.6700","4,026.72","190.0450","986.00"
"2021/03/17","2021/03/19","BTI","ブリティッシュ・アメリカン・タバコ","売付","特定","70","37.8400","2,648.80","37.5171","22.60"
"2021/03/17","2021/03/19","BIDU","バイドゥ","売付","特定","105","265.0000","27,825.00","256.2027","923.71"
"2021/03/17","2021/03/19","BIDU","バイドゥ","売付","特定","85","265.0000","22,525.00","256.2027","747.77"
"2021/03/16","2021/03/18","PLUG","プラグパワー","売付","特定","50","46.2800","2,314.00","12.3240","1,697.80"
"2021/03/16","2021/03/18","SE","シー","売付","特定","280","228.8000","64,064.00","170.3818","16,357.07"
"2021/03/16","2021/03/18","SE","シー","売付","特定","100","228.8000","22,880.00","170.3818","5,841.81"
"2021/03/16","2021/03/18","SE","シー","売付","特定","30","228.8000","6,864.00","170.3818","1,752.54"
"2021/03/10","2021/03/12","TDOC","テラドック・ヘルス","売付","特定","100","194.0000","19,400.00","209.1568","-1,515.68"
"2021/03/10","2021/03/12","TDOC","テラドック・ヘルス","売付","特定","59","194.0000","11,446.00","209.1568","-894.25"
"2021/03/10","2021/03/12","TDOC","テラドック・ヘルス","売付","特定","25","194.0000","4,850.00","209.1568","-378.92"
"2021/03/10","2021/03/12","TDOC","テラドック・ヘルス","売付","特定","16","194.0000","3,104.00","209.1568","-242.51"
"2021/02/24","2021/02/26","XONE","エクスワン","売付","特定","200","44.7135","8,942.70","48.3240","-722.10"
"2021/02/24","2021/02/26","XONE","エクスワン","売付","特定","100","44.7200","4,472.00","48.3240","-360.40"
"2021/02/24","2021/02/26","XONE","エクスワン","売付","特定","100","44.7138","4,471.38","48.3240","-361.02"
"2021/02/24","2021/02/26","XONE","エクスワン","売付","特定","100","44.7100","4,471.00","48.3240","-361.40"
"2021/02/24","2021/02/26","Z","ジロー グループ クラスC","売付","特定","80","169.5900","13,567.20","193.9750","-1,950.80"
"2021/02/24","2021/02/26","HUYA","フヤ","売付","特定","300","28.2620","8,478.60","27.8114","135.17"
"2021/02/24","2021/02/26","HUYA","フヤ","売付","特定","200","28.2600","5,652.00","27.8114","89.71"
"2021/02/24","2021/02/26","HUYA","フヤ","売付","特定","200","28.2600","5,652.00","27.8114","89.71"
"2021/02/24","2021/02/26","SIFY","シフィ・テクノロジーズ","売付","特定","1,200","3.3900","4,068.00","3.0422","417.34"
"2021/02/24","2021/02/26","SIFY","シフィ・テクノロジーズ","売付","特定","600","3.3950","2,037.00","3.0422","211.67"
"2021/02/22","2021/02/25","ZM","ズーム・ビデオ・コミュニケーションズ","売付","特定","50","423.4600","21,173.00","397.4422","1,300.89"
"2021/02/22","2021/02/25","U","ユニティー・ソフトウェア","売付","特定","110","120.0400","13,204.40","127.8483","-858.92"
"2021/02/17","2021/02/19","NVTA","インビティ","売付","特定","40","49.7500","1,990.00","51.5136","-70.54"
"2021/02/17","2021/02/19","NVTA","インビティ","売付","特定","10","49.7500","497.50","51.5136","-17.64"
"2021/02/17","2021/02/19","BEKE","KEホールディングス","売付","特定","230","67.5000","15,525.00","68.0278","-121.40"
"2021/02/12","2021/02/16","TSLA","テスラ","売付","特定","50","806.1200","40,306.00","440.9667","18,257.66"
"2021/02/12","2021/02/16","TSLA","テスラ","売付","特定","20","810.5500","16,211.00","440.9667","7,391.67"
"2021/02/10","2021/02/15","AMZN","アマゾン・ドット・コム","売付","特定","2","3,306.7300","6,613.46","3,178.5116","256.44"
"2021/02/10","2021/02/15","ANSS","アンシス","売付","特定","1","386.6000","386.60","325.1766","61.42"
"2021/02/10","2021/02/15","FSLY","ファストリー","売付","特定","10","118.6200","1,186.20","95.5609","230.59"
"2021/02/05","2021/02/09","SAVA","キャッサバ・サイエンシズ","売付","特定","80","67.9100","5,432.80","58.8350","726.00"
"2021/02/03","2021/02/05","AMC","AMCエンターテインメント・ホールディングス","売付","特定","400","8.0220","3,208.80","19.3240","-4,520.80"
"2021/02/03","2021/02/05","AMC","AMCエンターテインメント・ホールディングス","売付","特定","100","8.0250","802.50","19.3240","-1,129.90"
"2021/01/28","2021/02/01","WIMI","ウィミ･ホログラム･クラウド","売付","特定","400","8.7100","3,484.00","7.2060","601.59"
"2021/01/28","2021/02/01","WIMI","ウィミ･ホログラム･クラウド","売付","特定","300","8.7000","2,610.00","7.2060","448.19"
"2021/01/28","2021/02/01","WIMI","ウィミ･ホログラム･クラウド","売付","特定","200","8.7120","1,742.40","7.2060","301.19"
"2021/01/28","2021/02/01","WIMI","ウィミ･ホログラム･クラウド","売付","特定","100","8.7100","871.00","7.2060","150.40"
"2021/01/28","2021/02/01","WIMI","ウィミ･ホログラム･クラウド","売付","特定","100","8.7100","871.00","7.2060","150.40"
"2021/01/28","2021/02/01","WIMI","ウィミ･ホログラム･クラウド","売付","特定","100","8.7035","870.35","7.2060","149.75"
"2021/01/26","2021/01/28","NVDA","エヌビディア","売付","特定","20","550.8000","11,016.00","546.1000","94.00"
"2021/01/26","2021/01/28","RIO","リオ・ティント","売付","特定","15","80.8220","1,212.33","65.1800","234.63"
"2021/01/26","2021/01/28","VALE","ヴァーレ","売付","特定","100","17.1138","1,711.38","13.1575","395.63"
"2021/01/26","2021/01/28","VALE","ヴァーレ","売付","特定","100","17.1111","1,711.11","13.1575","395.36"
"2021/01/26","2021/01/28","VALE","ヴァーレ","売付","特定","100","17.1100","1,711.00","13.1575","395.25"
"2021/01/26","2021/01/28","VALE","ヴァーレ","売付","特定","100","17.1100","1,711.00","13.1575","395.25"
"2021/01/26","2021/01/28","VALE","ヴァーレ","売付","特定","100","17.1100","1,711.00","13.1575","395.25"
"2021/01/26","2021/01/28","VALE","ヴァーレ","売付","特定","100","17.1100","1,711.00","13.1575","395.25"
"2021/01/26","2021/01/28","VALE","ヴァーレ","売付","特定","100","17.1100","1,711.00","13.1575","395.25"
"2021/01/26","2021/01/28","VALE","ヴァーレ","売付","特定","100","17.1100","1,711.00","13.1575","395.25"
"2021/01/15","2021/01/19","ZM","ズーム・ビデオ・コミュニケーションズ","売付","特定","105","382.4300","40,155.15","397.4422","-1,576.29"
"2021/01/14","2021/01/18","CRM","セールスフォース","売付","特定","80","217.5900","17,407.20","227.0750","-758.80"
"2021/01/12","2021/01/14","RKT","ロケット・カンパニーズ","売付","特定","400","19.8700","7,948.00","21.5049","-653.98"
"2021/01/12","2021/01/14","RKT","ロケット・カンパニーズ","売付","特定","100","19.8700","1,987.00","21.5049","-163.50"
"2021/01/08","2021/01/13","PERI","ペリオン・ネットワーク","売付","特定","497","15.1500","7,529.55","16.9091","-874.31"
"2021/01/08","2021/01/13","PERI","ペリオン・ネットワーク","売付","特定","282","15.1500","4,272.30","16.9091","-496.09"
"2021/01/08","2021/01/13","PERI","ペリオン・ネットワーク","売付","特定","282","15.1500","4,272.30","16.9091","-496.09"
"2021/01/08","2021/01/13","PERI","ペリオン・ネットワーク","売付","特定","282","15.1500","4,272.30","16.9091","-496.09"
"2021/01/08","2021/01/13","PERI","ペリオン・ネットワーク","売付","特定","282","15.1500","4,272.30","16.9091","-496.09"
"2021/01/08","2021/01/13","PERI","ペリオン・ネットワーク","売付","特定","282","15.1500","4,272.30","16.9091","-496.09"
"2021/01/08","2021/01/13","PERI","ペリオン・ネットワーク","売付","特定","282","15.1500","4,272.30","16.9091","-496.09"
"2021/01/08","2021/01/13","PERI","ペリオン・ネットワーク","売付","特定","111","15.1500","1,681.65","16.9091","-195.27"
"2021/01/08","2021/01/13","PERI","ペリオン・ネットワーク","売付","特定","100","15.1500","1,515.00","16.9091","-175.92"
"2020/12/23","2020/12/25","DIS","ウォルト・ディズニー","売付","特定","1","170.6238","170.62","144.6142","26.01"
"2020/12/23","2020/12/25","NVDA","エヌビディア","売付","特定","36","528.0950","19,011.42","541.5497","-484.37"
"2020/12/23","2020/12/25","LI","リー・オート","売付","特定","100","30.9600","3,096.00","34.5600","-360.00"
"2020/12/23","2020/12/25","LI","リー・オート","売付","特定","50","30.9600","1,548.00","34.5600","-180.00"
"2020/12/23","2020/12/25","LI","リー・オート","売付","特定","50","30.9600","1,548.00","34.5600","-180.00"
"2020/12/23","2020/12/25","RKT","ロケット・カンパニーズ","売付","特定","501","21.6000","10,821.60","21.5049","47.62"
"2020/12/23","2020/12/25","BEKE","KEホールディングス","売付","特定","80","67.6100","5,408.80","66.0750","122.80"
"2020/12/15","2020/12/17","NVAX","ノババックス","売付","特定","40","129.0300","5,161.20","150.5500","-860.80"
"2020/12/15","2020/12/17","AI","シースリー・エーアイ","売付","特定","300","101.1400","30,342.00","94.0733","2,120.00"
"2020/12/15","2020/12/17","UMC","ユナイテッド・マイクロエレクトロニクス","売付","特定","10","8.1950","81.95","8.7420","-5.47"
"2020/12/15","2020/12/17","CVS","CVSヘルス","売付","特定","150","69.7250","10,458.75","67.1066","392.75"
"2020/12/10","2020/12/14","CAKE","ザ・チーズケーキ・ファクトリー","売付","特定","5","37.7800","188.90","31.2447","32.68"
"2020/12/07","2020/12/09","CS","クレディ・スイス・グループ","売付","特定","1","13.2300","13.23","10.7378","2.49"
"2020/12/07","2020/12/09","JD","JD.COM（京東商城）","売付","特定","276","85.1500","23,501.40","89.2800","-1,139.88"
"2020/12/07","2020/12/09","JD","JD.COM（京東商城）","売付","特定","129","85.1500","10,984.35","89.2800","-532.77"
"2020/12/07","2020/12/09","JD","JD.COM（京東商城）","売付","特定","44","85.1500","3,746.60","89.2800","-181.72"
"2020/12/07","2020/12/09","JD","JD.COM（京東商城）","売付","特定","31","85.1500","2,639.65","89.2800","-128.03"
"2020/12/07","2020/12/09","CHGG","チェグ","売付","特定","417","76.4000","31,858.80","74.9115","620.70"
"2020/12/07","2020/12/09","CHGG","チェグ","売付","特定","109","76.4000","8,327.60","74.9115","162.25"
"2020/12/07","2020/12/09","CHGG","チェグ","売付","特定","4","76.4000","305.60","74.9115","5.95"
"2020/12/07","2020/12/09","ZM","ズーム・ビデオ・コミュニケーションズ","売付","特定","139","414.5000","57,615.50","423.1170","-1,197.76"
"2020/12/07","2020/12/09","ZM","ズーム・ビデオ・コミュニケーションズ","売付","特定","9","414.5000","3,730.50","423.1170","-77.55"
"2020/12/07","2020/12/09","ZM","ズーム・ビデオ・コミュニケーションズ","売付","特定","2","414.5000","829.00","423.1170","-17.23"
"2020/12/07","2020/12/09","ENPH","エンフェーズ・エナジー","売付","特定","5","130.9400","654.70","133.5860","-13.23"
"2020/12/07","2020/12/09","SPWH","スポーツマンズ・ウエアハウス・ホールディングス","売付","特定","380","13.3020","5,054.76","14.9158","-613.26"
"2020/12/07","2020/12/09","SPWH","スポーツマンズ・ウエアハウス・ホールディングス","売付","特定","100","13.3000","1,330.00","14.9158","-161.58"
"2020/12/07","2020/12/09","USB","USバンコープ","売付","特定","1","45.4450","45.45","44.0511","1.40"
"2020/12/07","2020/12/09","CLSK","クリーンスパーク","売付","特定","1","11.2900","11.29","10.2900","1.00"
"2020/12/02","2020/12/04","ZM","ズーム・ビデオ・コミュニケーションズ","売付","特定","47","402.0600","18,896.82","423.1170","-989.68"
"2020/12/01","2020/12/03","BA","ボーイング","売付","特定","1","215.7500","215.75","203.1100","12.64"
"2020/12/01","2020/12/03","BABA","アリババ・グループ・ホールディング","売付","特定","40","268.2800","10,731.20","271.8200","-141.60"
"2020/12/01","2020/12/03","GDRX","グッド・アール・エックス","売付","特定","1","38.0000","38.00","37.1314","0.87"
"2020/12/01","2020/12/03","ORCL","オラクル","売付","特定","1","57.6100","57.61","61.2600","-3.65"
"2020/11/30","2020/12/02","ANSS","アンシス","売付","特定","59","325.0000","19,175.00","325.1766","-10.42"
"2020/11/30","2020/12/02","DIS","ウォルト・ディズニー","売付","特定","69","148.7000","10,260.30","144.6142","281.91"
"2020/11/30","2020/12/02","CAKE","ザ・チーズケーキ・ファクトリー","売付","特定","335","37.4800","12,555.80","31.2447","2,088.82"
"2020/11/30","2020/12/02","NTES","ネットイーズ","売付","特定","100","92.5727","9,257.27","97.1466","-457.40"
"2020/11/30","2020/12/02","NTES","ネットイーズ","売付","特定","48","92.5700","4,443.36","97.1466","-219.68"
"2020/11/30","2020/12/02","NTES","ネットイーズ","売付","特定","1","92.5700","92.57","97.1466","-4.58"
"2020/11/30","2020/12/02","NTES","ネットイーズ","売付","特定","1","92.5700","92.57","97.1466","-4.58"
"2020/11/26","2020/11/30","CS","クレディ・スイス・グループ","売付","特定","99","12.9650","1,283.54","10.7378","220.50"
"2020/11/26","2020/11/30","ARCC","エイリス・キャピタル","売付","特定","1","16.8500","16.85","11.9700","4.88"
"2020/11/26","2020/11/30","OKTA","オクタ","売付","特定","3","238.4800","715.44","205.9400","97.62"
"2020/11/26","2020/11/30","TDOC","テラドック・ヘルス","売付","特定","99","190.2500","18,834.75","192.1100","-184.14"
"2020/11/26","2020/11/30","TECL","Direxion デイリー テクノロジー株 ブル 3倍 ETF","売付","特定","1","337.2300","337.23","129.9300","207.30"
"2020/11/26","2020/11/30","AGYS","アジリシス","売付","特定","30","38.6800","1,160.40","41.4136","-82.01"
"2020/11/26","2020/11/30","USB","USバンコープ","売付","特定","300","44.7100","13,413.00","44.0511","197.67"
"2020/11/26","2020/11/30","USB","USバンコープ","売付","特定","200","44.7100","8,942.00","44.0511","131.78"
"2020/11/26","2020/11/30","RKT","ロケット・カンパニーズ","売付","特定","499","20.5800","10,269.42","24.4586","-1,935.44"
"2020/11/26","2020/11/30","LB","バス&ボディ・ワークス","売付","特定","50","39.0300","1,951.50","40.7304","-85.02"
"2020/11/24","2020/11/26","BA","ボーイング","売付","特定","149","204.0000","30,396.00","203.1100","132.61"
"2020/11/24","2020/11/26","GDRX","グッド・アール・エックス","売付","特定","255","38.9000","9,919.50","37.1314","450.97"
"2020/11/24","2020/11/26","GDRX","グッド・アール・エックス","売付","特定","14","38.9000","544.60","37.1314","24.76"
"2020/11/19","2020/11/24","RKT","ロケット・カンパニーズ","売付","特定","1,100","21.2100","23,331.00","24.4586","-3,573.49"
"2020/11/19","2020/11/24","RKT","ロケット・カンパニーズ","売付","特定","400","21.2100","8,484.00","24.4586","-1,299.45"
"2020/11/19","2020/11/24","RKT","ロケット・カンパニーズ","売付","特定","400","21.2100","8,484.00","24.4586","-1,299.45"
"2020/11/19","2020/11/24","RKT","ロケット・カンパニーズ","売付","特定","300","21.2100","6,363.00","24.4586","-974.59"
"2020/11/19","2020/11/24","RKT","ロケット・カンパニーズ","売付","特定","100","21.2150","2,121.50","24.4586","-324.36"
"2020/11/19","2020/11/24","RKT","ロケット・カンパニーズ","売付","特定","100","21.2100","2,121.00","24.4586","-324.86"
"2020/11/19","2020/11/24","RKT","ロケット・カンパニーズ","売付","特定","76","21.2100","1,611.96","24.4586","-246.90"
"2020/11/19","2020/11/24","RKT","ロケット・カンパニーズ","売付","特定","24","21.2150","509.16","24.4586","-77.85"
"2020/11/18","2020/11/20","RKT","ロケット・カンパニーズ","売付","特定","2,000","22.4200","44,840.00","24.4586","-4,077.26"
"2020/11/18","2020/11/20","RKT","ロケット・カンパニーズ","売付","特定","800","22.4200","17,936.00","24.4586","-1,630.90"
"2020/11/18","2020/11/20","RKT","ロケット・カンパニーズ","売付","特定","200","22.4200","4,484.00","24.4586","-407.73"
"2020/11/17","2020/11/19","AMZN","アマゾン・ドット・コム","売付","特定","18","3,124.0738","56,233.33","3,178.5116","-979.88"
"2020/11/17","2020/11/19","PTON","ペロトン・インタラクティブ","売付","特定","150","97.0100","14,551.50","91.1466","879.50"
"2020/11/11","2020/11/13","FSLY","ファストリー","売付","特定","500","73.1100","36,555.00","95.5609","-11,225.48"
"2020/10/06","2020/10/08","FB","メタ・プラットフォームズ","売付","特定","150","264.1000","39,615.00","282.7466","-2,797.00"
"2020/10/06","2020/10/08","SHOP","ショッピファイ","売付","特定","3","1,031.3800","3,094.14","999.6666","95.14"
"2020/10/06","2020/10/08","VEEV","ヴィーバ・システムズ　クラスA","売付","特定","28","275.7500","7,721.00","283.9703","-230.17"
"2020/10/06","2020/10/08","MSFT","マイクロソフト","売付","特定","230","207.6100","47,750.30","213.1489","-1,273.96"
"2020/09/03","2020/09/07","ETSY","エッツィー","売付","特定","1","124.4600","124.46","130.9400","-6.48"
"2020/09/03","2020/09/07","BE","ブルーム・エナジー","売付","特定","1","16.4600","16.46","17.1329","-0.67"
"2020/09/03","2020/09/07","IPHI","インファイ","売付","特定","5","118.3000","591.50","116.1466","10.77"
"2020/09/03","2020/09/07","WKHS","ワークホース・グループ","売付","特定","10","18.9300","189.30","16.3917","25.38"
"2020/09/03","2020/09/07","HMY","ハーモニー・ゴールド・マイニング","売付","特定","2,200","6.0000","13,200.00","6.0200","-44.00"
"2020/09/01","2020/09/03","ETSY","エッツィー","売付","特定","4","120.3000","481.20","130.9400","-42.56"
"2020/09/01","2020/09/03","BE","ブルーム・エナジー","売付","特定","9","15.7700","141.93","17.1329","-12.27"
"2020/08/26","2020/08/28","RKT","ロケット・カンパニーズ","売付","特定","600","28.6000","17,160.00","24.4586","2,484.82"
"2020/08/26","2020/08/28","RKT","ロケット・カンパニーズ","売付","特定","600","28.6000","17,160.00","24.4586","2,484.82"
"2020/08/26","2020/08/28","RKT","ロケット・カンパニーズ","売付","特定","467","28.6000","13,356.20","24.4586","1,934.02"
"2020/08/26","2020/08/28","RKT","ロケット・カンパニーズ","売付","特定","100","28.6000","2,860.00","24.4586","414.14"
"2020/08/26","2020/08/28","RKT","ロケット・カンパニーズ","売付","特定","100","28.6000","2,860.00","24.4586","414.14"
"2020/08/26","2020/08/28","RKT","ロケット・カンパニーズ","売付","特定","100","28.6000","2,860.00","24.4586","414.14"
"2020/08/26","2020/08/28","RKT","ロケット・カンパニーズ","売付","特定","33","28.6000","943.80","24.4586","136.67"
"2020/08/25","2020/08/27","ETSY","エッツィー","売付","特定","45","128.4100","5,778.45","130.9400","-113.85"
"2020/08/25","2020/08/27","OKTA","オクタ","売付","特定","47","203.2600","9,553.22","205.9400","-125.96"
"2020/08/25","2020/08/27","BE","ブルーム・エナジー","売付","特定","100","15.7500","1,575.00","17.1329","-138.29"
"2020/08/25","2020/08/27","BE","ブルーム・エナジー","売付","特定","90","15.7550","1,417.95","17.1329","-124.01"
"2020/08/25","2020/08/27","BNTX","バイオエヌテック","売付","特定","200","71.5600","14,312.00","73.0050","-289.00"
"2020/08/25","2020/08/27","BNTX","バイオエヌテック","売付","特定","100","71.5500","7,155.00","73.0050","-145.50"
"2020/08/25","2020/08/27","BNTX","バイオエヌテック","売付","特定","100","71.5400","7,154.00","73.0050","-146.50"
"2020/08/25","2020/08/27","PLUG","プラグパワー","売付","特定","1,100","11.9500","13,145.00","12.3240","-411.40"
"2020/08/25","2020/08/27","PLUG","プラグパワー","売付","特定","950","11.9538","11,356.11","12.3240","-351.69"
"2020/08/25","2020/08/27","PLUG","プラグパワー","売付","特定","300","11.9538","3,586.14","12.3240","-111.06"
"2020/08/25","2020/08/27","PLUG","プラグパワー","売付","特定","200","11.9525","2,390.50","12.3240","-74.30"
"2020/08/25","2020/08/27","PLUG","プラグパワー","売付","特定","130","11.9500","1,553.50","12.3240","-48.62"
"2020/08/25","2020/08/27","PLUG","プラグパワー","売付","特定","100","11.9550","1,195.50","12.3240","-36.90"
"2020/08/25","2020/08/27","PLUG","プラグパワー","売付","特定","100","11.9550","1,195.50","12.3240","-36.90"
"2020/08/25","2020/08/27","PLUG","プラグパワー","売付","特定","100","11.9550","1,195.50","12.3240","-36.90"
"2020/08/25","2020/08/27","PLUG","プラグパワー","売付","特定","100","11.9550","1,195.50","12.3240","-36.90"
"2020/08/25","2020/08/27","PLUG","プラグパワー","売付","特定","100","11.9520","1,195.20","12.3240","-37.20"
"2020/08/25","2020/08/27","PLUG","プラグパワー","売付","特定","70","11.9500","836.50","12.3240","-26.18"
"2020/08/25","2020/08/27","AEYE","オーディオアイ","売付","特定","500","20.0100","10,005.00","20.7746","-382.34"
"2020/08/25","2020/08/27","AEYE","オーディオアイ","売付","特定","300","20.2900","6,087.00","20.7746","-145.40"
"2020/08/25","2020/08/27","AEYE","オーディオアイ","売付","特定","100","20.2900","2,029.00","20.7746","-48.47"
"2020/08/25","2020/08/27","AEYE","オーディオアイ","売付","特定","100","20.2500","2,025.00","20.7746","-52.47"
"2020/08/25","2020/08/27","AEYE","オーディオアイ","売付","特定","100","20.2500","2,025.00","20.7746","-52.47"
"2020/08/25","2020/08/27","AEYE","オーディオアイ","売付","特定","100","20.2500","2,025.00","20.7746","-52.47"
"2020/08/25","2020/08/27","AEYE","オーディオアイ","売付","特定","100","20.0700","2,007.00","20.7746","-70.47"
"2020/08/25","2020/08/27","AEYE","オーディオアイ","売付","特定","100","20.0500","2,005.00","20.7746","-72.47"
"2020/08/25","2020/08/27","AEYE","オーディオアイ","売付","特定","40","20.0300","801.20","20.7746","-29.79"
"2020/08/25","2020/08/27","AEYE","オーディオアイ","売付","特定","30","20.2700","608.10","20.7746","-15.14"
"2020/08/25","2020/08/27","AEYE","オーディオアイ","売付","特定","20","20.2700","405.40","20.7746","-10.09"
"2020/08/25","2020/08/27","AEYE","オーディオアイ","売付","特定","10","20.2700","202.70","20.7746","-5.05"
"2020/08/25","2020/08/27","WKHS","ワークホース・グループ","売付","特定","700","16.4100","11,487.00","16.3917","12.80"
"2020/08/25","2020/08/27","WKHS","ワークホース・グループ","売付","特定","500","16.4100","8,205.00","16.3917","9.14"
"2020/08/25","2020/08/27","WKHS","ワークホース・グループ","売付","特定","300","16.4138","4,924.14","16.3917","6.62"
"2020/08/25","2020/08/27","WKHS","ワークホース・グループ","売付","特定","200","16.4000","3,280.00","16.3917","1.66"
"2020/08/25","2020/08/27","WKHS","ワークホース・グループ","売付","特定","100","16.4120","1,641.20","16.3917","2.03"
"2020/08/25","2020/08/27","WKHS","ワークホース・グループ","売付","特定","100","16.4100","1,641.00","16.3917","1.83"
"2020/08/25","2020/08/27","WKHS","ワークホース・グループ","売付","特定","100","16.4100","1,641.00","16.3917","1.83"
"2020/08/25","2020/08/27","WKHS","ワークホース・グループ","売付","特定","90","15.6200","1,405.80","16.3917","-69.45"
"2020/08/24","2020/08/26","IPHI","インファイ","売付","特定","38","113.2200","4,302.36","116.1466","-111.21"
"2020/08/24","2020/08/26","IPHI","インファイ","売付","特定","7","113.2200","792.54","116.1466","-20.49"
"2020/08/24","2020/08/26","FSLY","ファストリー","売付","特定","40","85.3800","3,415.20","78.0440","293.44"
"2020/08/24","2020/08/26","WKHS","ワークホース・グループ","売付","特定","800","15.9200","12,736.00","16.4224","-401.92"
"2020/08/24","2020/08/26","WKHS","ワークホース・グループ","売付","特定","300","15.9200","4,776.00","16.4224","-150.72"
"2020/08/24","2020/08/26","SE","シー","売付","特定","65","147.6400","9,596.60","148.6142","-63.33"
"2020/08/21","2020/08/25","AMZN","アマゾン・ドット・コム","売付","特定","23","3,252.5600","74,808.88","3,178.5116","1,703.11"
"2020/08/21","2020/08/25","SHOP","ショッピファイ","売付","特定","30","1,004.1000","30,123.00","999.6666","133.00"
"2020/08/21","2020/08/25","BE","ブルーム・エナジー","売付","特定","825","16.7300","13,802.25","17.1329","-332.43"
"2020/08/21","2020/08/25","BE","ブルーム・エナジー","売付","特定","200","16.7300","3,346.00","17.1329","-80.59"
"2020/08/21","2020/08/25","BE","ブルーム・エナジー","売付","特定","100","16.7300","1,673.00","17.1329","-40.29"
"2020/08/21","2020/08/25","BE","ブルーム・エナジー","売付","特定","100","16.7300","1,673.00","17.1329","-40.29"
"2020/08/21","2020/08/25","BE","ブルーム・エナジー","売付","特定","100","16.7300","1,673.00","17.1329","-40.29"
"2020/08/21","2020/08/25","BE","ブルーム・エナジー","売付","特定","100","16.7300","1,673.00","17.1329","-40.29"
"2020/08/21","2020/08/25","BE","ブルーム・エナジー","売付","特定","56","16.7300","936.88","17.1329","-22.56"
"2020/08/21","2020/08/25","BE","ブルーム・エナジー","売付","特定","19","16.7300","317.87","17.1329","-7.66"
"2020/08/21","2020/08/25","IPHI","インファイ","売付","特定","100","111.2500","11,125.00","116.1466","-489.67"
"2020/08/19","2020/08/21","FSLY","ファストリー","売付","特定","450","77.1900","34,735.50","78.0440","-384.30"
"2020/08/19","2020/08/21","MSFT","マイクロソフト","売付","特定","100","211.5000","21,150.00","210.6730","82.70"
"2020/08/19","2020/08/21","MSFT","マイクロソフト","売付","特定","100","211.5000","21,150.00","210.6730","82.70"
"2020/08/19","2020/08/21","MSFT","マイクロソフト","売付","特定","30","211.5000","6,345.00","210.6730","24.81"
"2020/08/18","2020/08/20","NIO","ニオ","売付","特定","5,000","13.3000","66,500.00","13.2508","245.60"
"2020/08/18","2020/08/20","ZYXI","ジネックス","売付","特定","600","16.7000","10,020.00","17.2088","-305.28"
"2020/08/18","2020/08/20","ZYXI","ジネックス","売付","特定","400","16.7000","6,680.00","17.2088","-203.52"
"2020/08/18","2020/08/20","ZYXI","ジネックス","売付","特定","100","16.7200","1,672.00","17.2088","-48.88"
"2020/08/18","2020/08/20","ZYXI","ジネックス","売付","特定","100","16.7100","1,671.00","17.2088","-49.88"
"2020/08/18","2020/08/20","ZYXI","ジネックス","売付","特定","100","16.7100","1,671.00","17.2088","-49.88"
"2020/08/18","2020/08/20","ZYXI","ジネックス","売付","特定","100","16.7100","1,671.00","17.2088","-49.88"
"2020/08/18","2020/08/20","ZYXI","ジネックス","売付","特定","100","16.7000","1,670.00","17.2088","-50.88"
"2020/08/18","2020/08/20","ZYXI","ジネックス","売付","特定","100","16.7000","1,670.00","17.2088","-50.88"
"2020/08/18","2020/08/20","ZYXI","ジネックス","売付","特定","100","16.7000","1,670.00","17.2088","-50.88"
"2020/08/18","2020/08/20","ZYXI","ジネックス","売付","特定","100","16.7000","1,670.00","17.2088","-50.88"
"2020/08/18","2020/08/20","ZYXI","ジネックス","売付","特定","100","16.7000","1,670.00","17.2088","-50.88"
"2020/08/18","2020/08/20","ZYXI","ジネックス","売付","特定","100","16.7000","1,670.00","17.2088","-50.88"
"2020/08/18","2020/08/20","ZYXI","ジネックス","売付","特定","100","16.7000","1,670.00","17.2088","-50.88"
"2020/08/18","2020/08/20","ZYXI","ジネックス","売付","特定","100","16.7000","1,670.00","17.2088","-50.88"
"2020/08/18","2020/08/20","ZYXI","ジネックス","売付","特定","100","16.7000","1,670.00","17.2088","-50.88"
"2020/08/18","2020/08/20","ZYXI","ジネックス","売付","特定","100","16.7000","1,670.00","17.2088","-50.88"
"2020/08/18","2020/08/20","ZYXI","ジネックス","売付","特定","100","16.7000","1,670.00","17.2088","-50.88"
"2020/08/14","2020/08/18","NIO","ニオ","売付","特定","12,577","13.4000","168,531.80","13.2508","1,875.48"
"2020/08/14","2020/08/18","NIO","ニオ","売付","特定","6,126","13.4000","82,088.40","13.2508","913.51"
"2020/08/14","2020/08/18","NIO","ニオ","売付","特定","1,297","13.4000","17,379.80","13.2508","193.41"
"2020/08/12","2020/08/14","AMZN","アマゾン・ドット・コム","売付","特定","54","3,094.6700","167,112.18","2,810.8651","15,325.46"
"2020/08/12","2020/08/14","AMZN","アマゾン・ドット・コム","売付","特定","60","3,110.2200","186,613.20","2,810.8651","17,961.29"
"2020/08/11","2020/08/13","TDOC","テラドック・ヘルス","売付","特定","69","191.8600","13,238.34","208.0915","-1,119.98"
"2020/08/11","2020/08/13","TDOC","テラドック・ヘルス","売付","特定","1","191.8600","191.86","208.0915","-16.23"
"2020/08/11","2020/08/13","LVGO","リボンゴ・ヘルス","売付","特定","200","120.5335","24,106.70","118.5716","392.37"
"2020/08/11","2020/08/13","LVGO","リボンゴ・ヘルス","売付","特定","100","120.5400","12,054.00","118.5716","196.84"
"2020/08/11","2020/08/13","LVGO","リボンゴ・ヘルス","売付","特定","100","120.5300","12,053.00","118.5716","195.84"
"2020/08/11","2020/08/13","LVGO","リボンゴ・ヘルス","売付","特定","100","120.5200","12,052.00","118.5716","194.84"
"2020/08/11","2020/08/13","LVGO","リボンゴ・ヘルス","売付","特定","100","120.5100","12,051.00","118.5716","193.84"
"2020/08/11","2020/08/13","LVGO","リボンゴ・ヘルス","売付","特定","95","120.5119","11,448.63","118.5716","184.32"
"2020/08/11","2020/08/13","HMY","ハーモニー・ゴールド・マイニング","売付","特定","550","6.3950","3,517.25","6.6929","-163.87"
"2020/08/11","2020/08/13","HMY","ハーモニー・ゴールド・マイニング","売付","特定","100","6.3950","639.50","6.6929","-29.80"
"2020/08/03","2020/08/05","PYPL","ペイパル","売付","特定","200","193.0500","38,610.00","184.7350","1,663.00"
"2020/08/03","2020/08/05","MSFT","マイクロソフト","売付","特定","400","204.4900","81,796.00","173.7823","12,283.04"
"2020/07/30","2020/08/03","MSFT","マイクロソフト","売付","特定","300","203.5038","61,051.14","173.7823","8,916.42"
"2020/07/30","2020/08/03","MSFT","マイクロソフト","売付","特定","100","203.5000","20,350.00","173.7823","2,971.76"
"2020/07/30","2020/08/03","MSFT","マイクロソフト","売付","特定","55","203.5038","11,192.71","173.7823","1,634.68"
"2020/07/27","2020/07/29","RDS B","シェル","売付","特定","300","30.7300","9,219.00","58.4133","-8,305.00"
"2020/04/28","2020/05/01","MCD","マクドナルド","売付","特定","100","186.1300","18,613.00","194.8200","-869.00"
"2020/04/15","2020/04/17","BMY","ブリストル・マイヤーズ　スクイブ","売付","特定","100","60.2800","6,028.00","63.1238","-284.39"
"2020/04/15","2020/04/17","BMY","ブリストル・マイヤーズ　スクイブ","売付","特定","100","60.2800","6,028.00","63.1238","-284.39"
"2020/04/15","2020/04/17","BMY","ブリストル・マイヤーズ　スクイブ","売付","特定","60","60.2800","3,616.80","63.1238","-170.63"
"2020/04/08","2020/04/10","NOW","サービスナウ","売付","特定","60","262.9000","15,774.00","294.1766","-1,876.60"
"2020/04/08","2020/04/10","CRM","セールスフォース","売付","特定","100","146.6200","14,662.00","161.2700","-1,465.00"
"2020/02/12","2020/02/14","CTVA","コルテバ","売付","特定","100","30.5800","3,058.00","29.1095","147.05"
"2020/02/12","2020/02/14","CTVA","コルテバ","売付","特定","100","30.5800","3,058.00","29.1095","147.05"
"2020/02/12","2020/02/14","CTVA","コルテバ","売付","特定","67","30.5800","2,048.86","29.1095","98.52"
"2020/02/12","2020/02/14","CTVA","コルテバ","売付","特定","60","30.5800","1,834.80","29.1095","88.23"
"2020/02/12","2020/02/14","CTVA","コルテバ","売付","特定","40","30.5800","1,223.20","29.1095","58.82"
"2020/02/07","2020/02/12","BTI","ブリティッシュ・アメリカン・タバコ","売付","特定","400","45.0000","18,000.00","38.6900","2,524.00"
"2020/02/07","2020/02/12","BTI","ブリティッシュ・アメリカン・タバコ","売付","特定","40","45.0000","1,800.00","38.6900","252.40"
"2020/02/07","2020/02/12","ZEN","ゼンデスク","売付","特定","100","87.1627","8,716.27","84.7100","245.27"
"2020/02/07","2020/02/12","ZEN","ゼンデスク","売付","特定","100","87.1600","8,716.00","84.7100","245.00"
"2020/02/07","2020/02/12","NVDA","エヌビディア","売付","特定","10","252.7500","2,527.50","200.4860","522.64"
"2020/02/07","2020/02/12","INTC","インテル","売付","特定","33","66.8750","2,206.88","55.9954","359.03"
"2020/02/07","2020/02/12","MO","アルトリア・グループ","売付","特定","300","46.6350","13,990.50","40.5140","1,836.30"
"2020/02/07","2020/02/12","MO","アルトリア・グループ","売付","特定","100","46.6300","4,663.00","40.5140","611.60"
"2020/02/07","2020/02/12","MO","アルトリア・グループ","売付","特定","100","46.6300","4,663.00","40.5140","611.60"
"2020/01/24","2020/01/28","SBUX","スターバックス","売付","特定","20","93.5200","1,870.40","92.4570","21.26"
"2020/01/17","2020/01/21","CSCO","シスコシステムズ","売付","特定","100","49.0000","4,900.00","47.6200","138.00"
"2020/01/06","2020/01/08","VEEV","ヴィーバ・システムズ　クラスA","売付","特定","70","142.4827","9,973.79","141.6642","57.29"
"2020/01/06","2020/01/08","AZPN","アスペンテクノロジーインク","売付","特定","147","122.5000","18,007.50","120.9795","223.50"
"2019/12/23","2019/12/25","MMM","スリーエム","売付","特定","10","174.0000","1,740.00","167.3943","66.06"
"2019/12/19","2019/12/23","MMM","スリーエム","売付","特定","47","169.2700","7,955.69","167.3943","88.16"
"2019/12/19","2019/12/23","MMM","スリーエム","売付","特定","42","169.2700","7,109.34","167.3943","78.78"
"2019/12/19","2019/12/23","MMM","スリーエム","売付","特定","37","169.2700","6,262.99","167.3943","69.40"
"2019/12/19","2019/12/23","MMM","スリーエム","売付","特定","18","169.2700","3,046.86","167.3943","33.76"
"2019/12/19","2019/12/23","MMM","スリーエム","売付","特定","6","169.2700","1,015.62","167.3943","11.25"
"2019/12/03","2019/12/05","AAPL","アップル","売付","特定","30","267.3300","8,019.90","248.9933","550.10"
"2019/11/28","2019/12/02","VFC","VF","売付","特定","200","88.0000","17,600.00","87.7280","54.40"
"2019/10/01","2019/10/03","PG","プロクター・アンド・ギャンブル","売付","特定","15","124.5700","1,868.55","122.4113","32.38"
